Date,Estimated TWh per Year,Minimum TWh per Year
2/10/2017,9.585659,3.331026
2/11/2017,9.547335,3.316227
2/12/2017,9.578774,3.198969
2/13/2017,9.476506,3.045178
2/14/2017,9.544807,3.150062
2/15/2017,9.569006,3.337440
2/16/2017,9.392170,3.330369
2/17/2017,9.323759,3.238448
2/18/2017,9.326974,3.173321
2/19/2017,9.319239,3.189253
2/20/2017,9.290790,3.270461
2/21/2017,9.439585,3.207710
2/22/2017,9.509757,3.082207
2/23/2017,9.507110,3.119119
2/24/2017,9.474555,3.030529
2/25/2017,9.634632,3.237240
2/26/2017,9.826989,3.377508
2/27/2017,10.146076,3.783547
2/28/2017,10.187616,3.676501
3/1/2017,10.233585,3.621132
3/2/2017,10.428111,3.366434
3/3/2017,10.421708,3.361435
3/4/2017,10.400341,3.333887
3/5/2017,10.403794,3.426495
3/6/2017,10.403279,3.345463
3/7/2017,10.405585,3.326169
3/8/2017,10.425423,3.279865
3/9/2017,10.472803,3.407201
3/10/2017,10.371934,3.434212
3/11/2017,10.373199,3.538396
3/12/2017,10.319774,3.384049
3/13/2017,10.300868,3.557689
3/14/2017,10.350885,3.441929
3/15/2017,10.454855,3.615569
3/16/2017,10.457564,3.364756
3/17/2017,10.498495,3.438060
3/18/2017,10.495074,3.441955
3/19/2017,10.134133,3.784557
3/20/2017,10.436232,3.804475
3/21/2017,10.759456,3.645126
3/22/2017,10.797738,3.481792
3/23/2017,10.444763,3.465857
3/24/2017,10.175564,3.465857
3/25/2017,9.588049,3.754608
3/26/2017,9.726006,3.649109
3/27/2017,9.921832,3.704882
3/28/2017,10.434715,3.473825
3/29/2017,10.443765,3.712849
3/30/2017,10.444552,3.581954
3/31/2017,10.541374,3.615105
4/1/2017,10.728365,3.577448
4/2/2017,10.669188,3.606737
4/3/2017,10.794943,3.577448
4/4/2017,10.888341,3.748998
4/5/2017,10.920086,3.845233
4/6/2017,10.951534,3.870338
4/7/2017,10.958124,3.717702
4/8/2017,10.852988,3.765734
4/9/2017,10.998524,3.807576
4/10/2017,11.002822,3.853601
4/11/2017,10.991709,3.761550
4/12/2017,11.061886,3.845968
4/13/2017,11.188468,3.768300
4/14/2017,11.122378,3.973289
4/15/2017,11.086170,3.598204
4/16/2017,11.201227,3.598204
4/17/2017,11.176836,3.637457
4/18/2017,11.126425,3.816276
4/19/2017,11.119900,3.733409
4/20/2017,11.094863,3.759578
4/21/2017,11.097822,3.694156
4/22/2017,11.150658,3.824999
4/23/2017,11.120162,3.864253
4/24/2017,11.183543,4.012542
4/25/2017,11.223273,3.916590
4/26/2017,11.029476,3.757000
4/27/2017,11.078393,3.776735
4/28/2017,11.166591,3.724281
4/29/2017,11.255161,3.802963
4/30/2017,11.363104,3.920986
5/1/2017,11.485689,4.017153
5/2/2017,11.573177,4.178888
5/3/2017,11.672432,4.047751
5/4/2017,11.734206,3.942842
5/5/2017,11.860694,3.916614
5/6/2017,11.865861,3.837932
5/7/2017,12.040603,4.073978
5/8/2017,12.178848,4.165774
5/9/2017,12.416249,4.365217
5/10/2017,12.760315,4.051657
5/11/2017,12.794849,4.440879
5/12/2017,12.964961,4.300196
5/13/2017,13.107483,4.103241
5/14/2017,13.131604,4.211098
5/15/2017,13.305365,4.347091
5/16/2017,13.512841,4.576872
5/17/2017,13.580298,4.464326
5/18/2017,13.797434,4.309575
5/19/2017,13.679270,4.112620
5/20/2017,13.600015,4.159514
5/21/2017,13.641316,4.323644
5/22/2017,13.686034,4.356469
5/23/2017,13.683696,4.317320
5/24/2017,13.775350,4.311780
5/25/2017,13.793976,4.681076
5/26/2017,13.748231,4.870715
5/27/2017,13.676488,4.760924
5/28/2017,13.540657,4.661114
5/29/2017,13.469546,4.800848
5/30/2017,13.427811,4.701038
5/31/2017,13.557689,5.010448
6/1/2017,13.426955,4.935591
6/2/2017,13.394712,5.165153
6/3/2017,13.573993,4.955553
6/4/2017,13.740334,4.968229
6/5/2017,13.938293,4.911154
6/6/2017,14.178490,5.729680
6/7/2017,14.024854,4.956628
6/8/2017,14.486041,5.496627
6/9/2017,14.658979,5.507996
6/10/2017,14.805168,5.985469
6/11/2017,14.911539,5.183996
6/12/2017,14.674230,4.990733
6/13/2017,14.710701,5.081680
6/14/2017,14.434346,4.916838
6/15/2017,14.150359,4.877049
6/16/2017,13.886351,4.803154
6/17/2017,14.013877,5.158798
6/18/2017,13.925264,5.149470
6/19/2017,13.867197,5.197150
6/20/2017,13.894981,5.012389
6/21/2017,14.293346,5.203110
6/22/2017,13.956383,5.185230
6/23/2017,13.875205,4.988549
6/24/2017,13.985243,5.125630
6/25/2017,14.010438,5.185230
6/26/2017,14.016468,5.381911
6/27/2017,13.908985,4.917028
6/28/2017,13.865891,4.869348
6/29/2017,13.817346,4.827628
6/30/2017,13.718672,4.899148
7/1/2017,13.655529,5.031062
7/2/2017,13.667126,5.127490
7/3/2017,13.962969,5.762492
7/4/2017,14.226136,6.136371
7/5/2017,14.299971,6.029549
7/6/2017,14.538846,5.809969
7/7/2017,14.545801,5.471697
7/8/2017,14.317898,5.263986
7/9/2017,14.345517,5.341136
7/10/2017,14.428401,5.574948
7/11/2017,14.807355,5.639561
7/12/2017,14.896251,5.614127
7/13/2017,14.703251,5.620062
7/14/2017,14.646068,5.686190
7/15/2017,14.574521,5.742060
7/16/2017,14.489039,5.821651
7/17/2017,14.555819,5.885409
7/18/2017,14.558630,5.920934
7/19/2017,14.594084,5.896521
7/20/2017,14.532935,5.926260
7/21/2017,14.491936,5.933912
7/22/2017,14.548440,6.026135
7/23/2017,14.619327,6.113721
7/24/2017,14.709910,6.196495
7/25/2017,14.684038,6.314881
7/26/2017,14.633038,6.456366
7/27/2017,14.705536,6.526628
7/28/2017,14.764988,6.514871
7/29/2017,14.868717,6.474268
7/30/2017,14.923478,6.495708
7/31/2017,14.957510,6.548384
8/1/2017,15.048474,6.551967
8/2/2017,15.132729,6.493446
8/3/2017,15.211765,6.451325
8/4/2017,15.311372,6.489631
8/5/2017,15.417897,6.512271
8/6/2017,15.461247,6.496834
8/7/2017,15.436381,6.542116
8/8/2017,15.422930,6.609008
8/9/2017,15.429302,6.694425
8/10/2017,15.405257,6.730024
8/11/2017,15.494849,6.753990
8/12/2017,15.655122,6.806421
8/13/2017,15.767927,6.774785
8/14/2017,15.914245,6.646461
8/15/2017,16.016425,6.574967
8/16/2017,15.986175,6.486605
8/17/2017,16.022572,6.498894
8/18/2017,16.041193,6.463550
8/19/2017,15.956570,6.484536
8/20/2017,16.056567,6.572896
8/21/2017,16.101027,6.754035
8/22/2017,16.028126,6.841290
8/23/2017,16.050033,6.839081
8/24/2017,16.149576,6.637067
8/25/2017,16.224660,6.636170
8/26/2017,16.254913,6.428746
8/27/2017,16.303751,6.273183
8/28/2017,16.361553,5.864538
8/29/2017,16.224043,5.567789
8/30/2017,16.247743,5.483495
8/31/2017,16.374100,5.597553
9/1/2017,16.368440,5.616679
9/2/2017,16.258789,5.818565
9/3/2017,16.362413,6.088455
9/4/2017,16.327326,6.445474
9/5/2017,16.546497,7.087016
9/6/2017,16.647712,7.733350
9/7/2017,16.643856,7.849170
9/8/2017,16.693042,7.893419
9/9/2017,16.697221,8.160968
9/10/2017,16.569972,8.354811
9/11/2017,16.651157,8.495543
9/12/2017,16.731554,8.561467
9/13/2017,16.802627,8.576738
9/14/2017,16.859034,8.698560
9/15/2017,16.945575,8.916277
9/16/2017,17.075445,8.942532
9/17/2017,17.163578,8.976239
9/18/2017,17.301709,8.992827
9/19/2017,17.437451,9.076115
9/20/2017,17.544211,9.221437
9/21/2017,17.680440,9.461806
9/22/2017,17.773970,9.455305
9/23/2017,17.907048,9.423781
9/24/2017,18.000538,9.430016
9/25/2017,18.135773,9.615420
9/26/2017,18.273680,9.780134
9/27/2017,18.381479,9.802295
9/28/2017,18.530977,9.637997
9/29/2017,18.640420,9.643780
9/30/2017,18.791896,9.653284
10/1/2017,18.904496,9.683526
10/2/2017,19.058123,9.651117
10/3/2017,19.210548,9.826947
10/4/2017,19.323688,10.047759
10/5/2017,19.477304,10.355583
10/6/2017,19.591989,10.675578
10/7/2017,19.750245,11.097075
10/8/2017,19.870016,11.303704
10/9/2017,20.033618,11.216850
10/10/2017,20.170783,10.899216
10/11/2017,20.331353,10.719012
10/12/2017,20.516589,10.549903
10/13/2017,20.668871,10.343117
10/14/2017,20.871564,10.063501
10/15/2017,21.033438,9.828679
10/16/2017,21.240044,9.912917
10/17/2017,21.393736,9.946726
10/18/2017,21.593370,10.061403
10/19/2017,21.752714,10.164933
10/20/2017,21.965030,10.229319
10/21/2017,22.134802,10.156809
10/22/2017,22.345028,10.302777
10/23/2017,22.504197,10.361076
10/24/2017,22.706956,10.549132
10/25/2017,22.910327,10.501538
10/26/2017,23.072362,10.472824
10/27/2017,23.278899,10.578094
10/28/2017,23.432910,10.902377
10/29/2017,23.646575,11.579431
10/30/2017,23.817605,12.238898
10/31/2017,24.053521,12.434215
11/1/2017,24.250117,12.592021
11/2/2017,24.515028,12.620767
11/3/2017,24.734129,12.610526
11/4/2017,25.021384,12.554291
11/5/2017,25.254648,11.993885
11/6/2017,25.540869,11.414449
11/7/2017,25.756664,11.240190
11/8/2017,26.046420,11.235007
11/9/2017,26.274397,11.363969
11/10/2017,26.557763,11.465225
11/11/2017,26.776968,11.459722
11/12/2017,27.054336,11.586803
11/13/2017,27.282116,12.080855
11/14/2017,27.601100,12.451570
11/15/2017,27.890876,12.715179
11/16/2017,28.247716,12.533736
11/17/2017,28.475893,12.385968
11/18/2017,28.670776,12.244479
11/19/2017,28.855782,11.996753
11/20/2017,29.051964,11.585927
11/21/2017,29.243636,11.339460
11/22/2017,29.517921,11.289929
11/23/2017,29.863623,11.584055
11/24/2017,30.133149,11.907289
11/25/2017,30.156057,12.139600
11/26/2017,30.137970,12.265144
11/27/2017,30.225590,12.289107
11/28/2017,30.245433,12.262953
11/29/2017,30.286894,12.172773
11/30/2017,30.592242,12.095599
12/1/2017,30.989877,12.023528
12/2/2017,31.048919,12.020032
12/3/2017,31.252903,12.203645
12/4/2017,31.602450,12.316701
12/5/2017,31.960576,12.461792
12/6/2017,32.362586,12.563757
12/7/2017,32.555942,12.686545
12/8/2017,32.529601,12.700994
12/9/2017,32.561734,13.075506
12/10/2017,32.564965,13.263748
12/11/2017,32.684309,13.343572
12/12/2017,32.714563,13.533361
12/13/2017,32.728477,13.746954
12/14/2017,33.175692,13.962485
12/15/2017,33.733853,14.227670
12/16/2017,34.341736,14.242313
12/17/2017,34.960117,14.431054
12/18/2017,34.862957,14.679048
12/19/2017,35.136745,14.766465
12/20/2017,35.767079,14.822562
12/21/2017,36.318432,15.361404
12/22/2017,36.749367,15.765201
12/23/2017,37.019362,15.878954
12/24/2017,37.126040,15.819931
12/25/2017,37.169979,15.809387
12/26/2017,37.156117,15.956015
12/27/2017,37.108242,16.050690
12/28/2017,36.948768,15.620825
12/29/2017,36.806560,15.342379
12/30/2017,36.631920,15.314593
12/31/2017,36.677650,15.525524
1/1/2018,36.795051,15.686554
1/2/2018,36.964525,15.704433
1/3/2018,37.215942,15.953231
1/4/2018,37.485663,16.315091
1/5/2018,37.802852,16.589148
1/6/2018,38.209701,16.896212
1/7/2018,38.597650,16.997834
1/8/2018,39.026544,17.202595
1/9/2018,39.440279,17.350801
1/10/2018,39.844013,17.379515
1/11/2018,40.239732,17.359836
1/12/2018,40.637299,17.513203
1/13/2018,41.045000,17.662112
1/14/2018,41.423502,17.836523
1/15/2018,41.792179,17.945307
1/16/2018,42.104971,18.439371
1/17/2018,42.383637,18.813148
1/18/2018,42.691049,18.986961
1/19/2018,43.091577,19.262712
1/20/2018,43.436344,19.537803
1/21/2018,43.738485,19.882883
1/22/2018,44.016504,20.319354
1/23/2018,44.275596,20.469924
1/24/2018,44.540447,20.841475
1/25/2018,44.893631,21.341301
1/26/2018,45.150812,21.507846
1/27/2018,45.409288,21.577281
1/28/2018,45.640704,21.921615
1/29/2018,45.925853,22.196511
1/30/2018,46.158735,22.133964
1/31/2018,46.442833,22.111524
2/1/2018,46.677689,22.197196
2/2/2018,46.864761,22.505214
2/3/2018,47.065526,22.604004
2/4/2018,47.259950,22.364945
2/5/2018,47.417254,22.422465
2/6/2018,47.653984,22.824605
2/7/2018,47.825717,23.117774
2/8/2018,48.003642,23.163094
2/9/2018,48.184766,23.632985
2/10/2018,48.366239,24.049099
2/11/2018,48.539916,24.228213
2/12/2018,48.819199,24.109323
2/13/2018,48.999756,24.109150
2/14/2018,49.193923,24.105530
2/15/2018,49.403866,24.664617
2/16/2018,49.617906,24.578034
2/17/2018,49.848614,24.776001
2/18/2018,50.075511,25.025896
2/19/2018,50.406512,25.439696
2/20/2018,50.649391,25.720233
2/21/2018,50.877701,25.805208
2/22/2018,51.091341,25.465255
2/23/2018,51.303471,25.506854
2/24/2018,51.509354,25.507307
2/25/2018,51.815728,25.805785
2/26/2018,52.030709,25.749194
2/27/2018,52.254015,25.712278
2/28/2018,52.476000,25.713047
3/1/2018,52.693641,25.926763
3/2/2018,52.935368,25.885917
3/3/2018,53.280188,25.949534
3/4/2018,53.517559,25.905628
3/5/2018,53.758681,26.197151
3/6/2018,53.987832,26.315134
3/7/2018,54.202722,26.875301
3/8/2018,54.401241,27.078372
3/9/2018,54.689905,27.428970
3/10/2018,54.876975,27.737562
3/11/2018,55.066274,28.036243
3/12/2018,55.259078,28.040424
3/13/2018,55.445543,28.037671
3/14/2018,55.618708,27.820419
3/15/2018,55.783095,27.997145
3/16/2018,56.057908,28.062515
3/17/2018,56.217399,27.880897
3/18/2018,56.370411,27.599869
3/19/2018,56.534815,27.699221
3/20/2018,56.706435,27.912761
3/21/2018,56.886303,28.192602
3/22/2018,57.174131,28.109112
3/23/2018,57.346869,28.002562
3/24/2018,57.515537,28.084374
3/25/2018,57.692614,28.128849
3/26/2018,57.855891,28.095715
3/27/2018,58.013245,27.846015
3/28/2018,58.287016,27.651880
3/29/2018,58.431518,27.514824
3/30/2018,58.564198,27.530265
3/31/2018,58.697757,27.543495
4/1/2018,58.826482,27.858840
4/2/2018,58.958783,27.916597
4/3/2018,59.098547,28.161785
4/4/2018,59.348647,28.247662
4/5/2018,59.476605,28.584545
4/6/2018,59.601713,28.775505
4/7/2018,59.732043,28.927724
4/8/2018,59.865182,28.833205
4/9/2018,59.995081,29.180336
4/10/2018,60.242487,29.566403
4/11/2018,60.371739,29.980073
4/12/2018,60.511789,29.660348
4/13/2018,60.664225,29.738881
4/14/2018,60.817924,29.841198
4/15/2018,60.975830,30.074902
4/16/2018,61.248887,30.506456
4/17/2018,61.401302,30.762785
4/18/2018,61.555253,31.151444
4/19/2018,61.714237,31.259632
4/20/2018,61.881631,31.600424
4/21/2018,62.057038,32.182968
4/22/2018,62.235009,32.788734
4/23/2018,62.539925,32.776606
4/24/2018,62.731838,32.909857
4/25/2018,62.918060,33.101022
4/26/2018,63.103236,33.406837
4/27/2018,63.295586,33.181002
4/28/2018,63.487210,32.784392
4/29/2018,63.804698,32.385200
4/30/2018,63.992342,31.841483
5/1/2018,64.172249,31.558110
5/2/2018,64.355157,31.527535
5/3/2018,64.544659,31.785404
5/4/2018,64.739799,32.156097
5/5/2018,64.938723,32.495394
5/6/2018,65.260426,32.660475
5/7/2018,65.449647,33.063197
5/8/2018,65.634450,33.228169
5/9/2018,65.818485,33.126214
5/10/2018,66.003188,32.729160
5/11/2018,66.173836,32.616718
5/12/2018,66.466332,32.511981
5/13/2018,66.637624,32.636982
5/14/2018,66.807246,32.835719
5/15/2018,66.975788,33.039038
5/16/2018,67.137913,33.201979
5/17/2018,67.297514,33.383239
5/18/2018,67.583864,33.505651
5/19/2018,67.743550,34.062386
5/20/2018,67.909560,34.097051
5/21/2018,68.075729,34.130347
5/22/2018,68.236678,34.021200
5/23/2018,68.386940,34.175183
5/24/2018,68.530500,34.406592
5/25/2018,68.811092,34.519947
5/26/2018,68.955481,34.177216
5/27/2018,69.098104,34.624221
5/28/2018,68.807894,35.255757
5/29/2018,69.108606,35.771945
5/31/2018,69.395753,36.525324
6/1/2018,69.660275,36.941596
6/2/2018,69.949053,39.055292
6/3/2018,70.099686,41.201616
6/4/2018,70.247801,43.749691
6/5/2018,70.393984,43.802892
6/6/2018,70.543110,43.919569
6/7/2018,70.693513,44.055357
6/8/2018,70.842105,45.536712
6/9/2018,71.124321,44.545392
6/10/2018,71.124321,43.186282
6/11/2018,71.124321,40.961826
6/12/2018,71.124321,40.972383
6/13/2018,71.124321,40.468424
6/14/2018,71.124321,40.124322
6/15/2018,71.124321,39.038521
6/16/2018,71.124321,38.815518
6/17/2018,71.124321,38.810444
6/18/2018,71.124321,39.166505
6/19/2018,71.124321,39.815038
6/20/2018,71.124321,40.527856
6/21/2018,71.124321,41.005821
6/22/2018,71.124321,41.662051
6/23/2018,71.124321,42.314842
6/24/2018,71.124321,43.014015
6/25/2018,71.124321,43.327783
6/26/2018,71.124321,43.547477
6/27/2018,71.124321,44.200949
6/28/2018,71.124321,44.900803
6/29/2018,71.124321,44.548958
6/30/2018,71.124321,43.670795
7/1/2018,71.124321,42.883054
7/2/2018,71.124321,42.325818
7/3/2018,71.124321,41.901958
7/4/2018,71.124321,41.381837
7/5/2018,71.124321,40.773514
7/6/2018,71.124321,40.536685
7/7/2018,71.124321,40.462038
7/8/2018,71.124321,40.791382
7/9/2018,71.124321,41.421954
7/10/2018,71.124321,41.995749
7/11/2018,71.124321,42.312508
7/12/2018,71.124321,42.594908
7/13/2018,71.124321,43.045426
7/14/2018,71.124321,43.507592
7/15/2018,71.124321,43.520028
7/16/2018,71.124321,42.958254
7/17/2018,71.124321,42.111525
7/18/2018,71.124321,41.596687
7/19/2018,71.124321,41.027106
7/20/2018,71.124321,41.053812
7/21/2018,71.124321,41.567209
7/22/2018,71.124321,42.511348
7/23/2018,71.420213,43.324621
7/24/2018,71.777314,44.754184
7/25/2018,71.953494,44.754184
7/26/2018,72.169355,46.327472
7/27/2018,72.385863,47.225653
7/28/2018,72.603021,47.508156
7/29/2018,72.820830,45.746140
7/30/2018,73.039292,45.837965
7/31/2018,73.121461,46.064007
8/1/2018,73.121461,46.536116
8/2/2018,73.121461,46.753141
8/3/2018,73.121461,46.534817
8/4/2018,73.121461,46.811381
8/5/2018,73.121461,48.950744
8/6/2018,73.121461,49.876180
8/7/2018,73.121461,50.956955
8/8/2018,73.121461,51.129695
8/9/2018,73.121461,50.942769
8/10/2018,73.121461,51.013530
8/11/2018,73.121461,51.001269
8/12/2018,73.121461,51.089734
8/13/2018,73.121461,50.782062
8/14/2018,73.121461,51.475707
8/15/2018,73.121461,52.145542
8/16/2018,73.121461,52.711779
8/17/2018,73.121461,53.290782
8/18/2018,73.121461,53.808108
8/19/2018,73.121461,54.287499
8/20/2018,73.121461,54.901099
8/21/2018,73.121461,54.291626
8/22/2018,73.121461,53.731391
8/23/2018,73.121461,53.690558
8/24/2018,73.121461,53.820596
8/25/2018,73.121461,53.979876
8/26/2018,73.121461,53.753874
8/27/2018,73.121461,53.632110
8/28/2018,73.121461,53.795874
8/29/2018,73.121461,54.752825
8/30/2018,73.121461,56.110240
8/31/2018,73.121461,57.109427
9/1/2018,73.121461,57.608634
9/2/2018,73.121461,57.853271
9/3/2018,73.121461,58.007724
9/4/2018,73.121461,57.895665
9/5/2018,73.121461,57.367256
9/6/2018,73.121461,56.104387
9/7/2018,73.121461,54.749807
9/8/2018,73.121461,54.475720
9/9/2018,73.121461,54.410027
9/10/2018,73.121461,54.769919
9/11/2018,73.121461,55.142452
9/12/2018,73.121461,55.552872
9/13/2018,73.121461,56.364630
9/14/2018,73.121461,57.425326
9/15/2018,73.121461,57.763174
9/16/2018,73.121461,57.992441
9/17/2018,73.121461,57.500673
9/18/2018,73.121461,56.892856
9/19/2018,73.121461,56.086992
9/20/2018,73.121461,55.631724
9/21/2018,73.121461,55.493510
9/22/2018,73.121461,55.347485
9/23/2018,73.121461,55.682123
9/24/2018,73.121461,56.144411
9/25/2018,73.121461,56.792669
9/26/2018,73.121461,57.817317
9/27/2018,73.121461,58.727711
9/28/2018,73.121461,59.450755
9/29/2018,73.121461,59.631801
9/30/2018,73.121461,59.492321
10/1/2018,73.121461,59.548679
10/2/2018,73.121461,60.051657
10/3/2018,73.121461,60.251972
10/4/2018,73.121461,60.092027
10/5/2018,73.121461,59.727897
10/6/2018,73.121461,59.840493
10/7/2018,73.121461,59.890053
10/8/2018,73.121461,59.444411
10/9/2018,73.121461,58.616097
10/10/2018,73.121461,57.709066
10/11/2018,73.121461,57.026325
10/12/2018,73.121461,56.370822
10/13/2018,73.121461,56.252540
10/14/2018,73.121461,56.572708
10/15/2018,73.121461,57.097757
10/16/2018,73.121461,56.898445
10/17/2018,73.121461,57.029867
10/18/2018,73.121461,57.231355
10/19/2018,73.121461,57.850479
10/20/2018,73.121461,57.677926
10/21/2018,73.121461,56.851299
10/22/2018,73.121461,56.250382
10/23/2018,73.121461,56.526566
10/24/2018,73.121461,56.812240
10/25/2018,73.121461,57.148419
10/26/2018,73.121461,56.595855
10/27/2018,73.121461,55.822365
10/28/2018,73.121461,55.459146
10/29/2018,73.121461,55.633945
10/30/2018,73.121461,55.795673
10/31/2018,73.121461,55.528727
11/1/2018,73.121461,55.025505
11/2/2018,73.121461,55.605738
11/3/2018,73.121461,56.453967
11/4/2018,73.121461,58.006998
11/5/2018,73.121461,58.637584
11/6/2018,73.121461,58.312457
11/7/2018,73.121461,58.213848
11/8/2018,73.121461,58.007712
11/9/2018,73.121461,57.386626
11/10/2018,73.121461,56.572092
11/11/2018,73.121461,54.715739
11/12/2018,73.121461,52.932489
11/13/2018,73.121461,52.485892
11/14/2018,73.121461,52.327033
11/15/2018,73.121461,52.505748
11/16/2018,73.121461,52.170926
11/17/2018,73.121461,52.130865
11/18/2018,73.121461,52.523217
11/19/2018,71.905248,52.500481
11/20/2018,64.524254,51.932031
11/21/2018,64.937932,51.161935
11/22/2018,64.365767,49.984647
11/23/2018,61.498797,49.012666
11/24/2018,58.788657,48.100101
11/25/2018,54.056549,46.791912
11/26/2018,53.287693,46.434023
11/27/2018,52.408422,46.159060
11/28/2018,52.565647,45.767054
11/29/2018,52.723344,45.446949
11/30/2018,52.881514,45.409349
12/1/2018,53.040158,45.155949
12/2/2018,53.199279,44.791979
12/3/2018,53.215491,43.901362
12/4/2018,53.248251,43.464522
12/5/2018,51.916692,43.186882
12/6/2018,49.492559,42.073451
12/7/2018,45.547990,41.222497
12/8/2018,45.362480,40.762841
12/9/2018,45.495916,40.758536
12/10/2018,45.515428,40.718831
12/11/2018,44.710853,39.952920
12/12/2018,44.832861,39.158268
12/13/2018,44.225346,39.479619
12/14/2018,42.646467,39.494974
12/15/2018,42.012871,39.316681
12/16/2018,42.138910,39.331504
12/17/2018,42.265327,40.020300
12/18/2018,42.392123,40.814341
12/19/2018,42.519299,41.304655
12/20/2018,42.646857,41.513560
12/21/2018,42.774798,41.536872
12/22/2018,42.903122,41.731787
12/23/2018,43.031831,41.455298
12/24/2018,43.160927,41.094033
12/25/2018,43.290410,41.219976
12/26/2018,43.420281,41.920621
12/27/2018,43.550542,42.739100
12/28/2018,43.681193,43.393819
12/29/2018,44.053607,44.053607
12/30/2018,45.064204,45.064204
12/31/2018,45.805408,45.805408
1/1/2019,45.844510,45.844510
1/2/2019,45.489529,45.489529
1/3/2019,45.661695,45.661695
1/4/2019,46.178333,46.178333
1/5/2019,46.368781,46.368781
1/6/2019,46.559840,46.559840
1/7/2019,47.003497,47.003497
1/8/2019,47.336228,47.336228
1/9/2019,47.654800,47.654800
1/10/2019,47.374839,47.374839
1/11/2019,47.384655,47.384655
1/12/2019,47.845223,47.845223
1/13/2019,47.951773,47.951773
1/14/2019,47.651774,47.651774
1/15/2019,47.531755,47.531755
1/16/2019,47.316459,47.316459
1/17/2019,47.237547,47.237547
1/18/2019,46.851141,46.851141
1/19/2019,46.656808,45.992365
1/20/2019,46.796778,45.054675
1/21/2019,46.920167,44.383259
1/22/2019,46.931672,44.348418
1/23/2019,47.072467,44.721656
1/24/2019,47.213684,45.027217
1/25/2019,47.349171,45.226462
1/26/2019,47.491218,45.751737
1/27/2019,47.443793,46.742075
1/28/2019,47.292963,47.292963
1/29/2019,47.285438,47.285438
1/30/2019,47.013751,47.013751
1/31/2019,46.932568,46.932568
2/1/2019,46.910268,46.910268
2/2/2019,46.733445,46.733445
2/3/2019,46.557933,46.557933
2/4/2019,46.743003,46.743003
2/5/2019,47.004261,47.004261
2/6/2019,47.100299,47.100299
2/7/2019,47.045367,47.045367
2/8/2019,47.478154,47.478154
2/9/2019,48.200251,48.200251
2/10/2019,49.064952,49.064952
2/11/2019,49.377744,49.377744
2/12/2019,49.387966,49.387966
2/13/2019,49.495673,49.495673
2/14/2019,49.231492,49.231492
2/15/2019,48.590506,48.590506
2/16/2019,47.938680,47.938680
2/17/2019,46.755192,46.749958
2/18/2019,46.877109,46.069606
2/19/2019,47.017740,45.759311
2/20/2019,47.158793,45.963431
2/21/2019,47.300269,46.616248
2/22/2019,47.442170,46.770711
2/23/2019,47.584497,46.327291
2/24/2019,47.727250,45.942713
2/25/2019,47.870432,45.949504
2/26/2019,48.014043,45.844903
2/27/2019,48.158085,45.213816
2/28/2019,48.302560,44.228525
3/1/2019,48.447467,43.853824
3/2/2019,48.592810,44.072685
3/3/2019,48.738588,44.628772
3/4/2019,48.884804,44.830599
3/5/2019,49.031458,44.893850
3/6/2019,49.178553,44.537921
3/7/2019,49.326088,44.322093
3/8/2019,49.474067,43.875528
3/9/2019,49.622489,43.256941
3/10/2019,49.771356,42.498291
3/11/2019,49.920670,41.793905
3/12/2019,50.070432,41.332198
3/13/2019,50.220644,41.024327
3/14/2019,50.371306,41.008419
3/15/2019,50.522420,40.765778
3/16/2019,50.673987,40.751000
3/17/2019,50.826009,40.945387
3/18/2019,50.978487,41.322557
3/19/2019,51.131422,41.840681
3/20/2019,51.284817,42.281246
3/21/2019,51.438671,42.726094
3/22/2019,51.592987,43.456079
3/23/2019,51.747766,43.912757
3/24/2019,51.903009,44.063759
3/25/2019,52.058718,43.754810
3/26/2019,52.214894,43.686391
3/27/2019,52.371539,43.535554
3/28/2019,52.528654,43.132019
3/29/2019,52.686240,42.671437
3/30/2019,52.837713,42.265489
3/31/2019,52.996226,41.952804
4/1/2019,53.155214,41.782184
4/2/2019,53.314680,38.151614
4/3/2019,53.474624,40.674767
4/4/2019,53.628073,41.011575
4/5/2019,53.788957,41.790023
4/6/2019,53.950324,43.006563
4/7/2019,54.112175,42.149416
4/8/2019,54.274512,41.984333
4/9/2019,54.437335,41.859367
4/10/2019,54.600647,41.587863
4/11/2019,54.764449,40.714510
4/12/2019,54.928742,39.776623
4/13/2019,55.093529,38.468838
4/14/2019,55.258809,39.196165
4/15/2019,55.424586,39.184293
4/16/2019,55.590859,38.931149
4/17/2019,55.757632,38.507016
4/18/2019,55.924905,38.248184
4/19/2019,56.092680,37.826537
4/20/2019,56.260958,37.521701
4/21/2019,56.429741,37.157252
4/22/2019,56.599030,36.876678
4/23/2019,56.768827,37.078307
4/24/2019,56.939133,37.448964
4/25/2019,57.109951,37.426315
4/26/2019,57.281281,37.123222
4/27/2019,57.453124,36.877687
4/28/2019,57.625484,36.858895
4/29/2019,57.798360,36.992933
4/30/2019,57.971755,36.456522
5/1/2019,58.145671,35.833131
5/2/2019,58.320108,36.123134
5/3/2019,58.495068,36.970518
5/4/2019,58.670553,38.341238
5/5/2019,58.846565,38.441394
5/6/2019,59.023105,38.298799
5/7/2019,59.200174,38.693796
5/8/2019,59.377774,39.197045
5/9/2019,59.555908,38.774374
5/10/2019,59.734575,38.161722
5/11/2019,59.913779,36.838528
5/12/2019,60.093520,36.463041
5/13/2019,60.273801,36.013649
5/14/2019,60.454622,35.672656
5/15/2019,60.635986,35.791492
5/16/2019,60.817894,36.459386
5/17/2019,61.000348,36.684968
5/18/2019,61.183349,36.906454
5/19/2019,61.366899,37.006649
5/20/2019,61.551000,37.239994
5/21/2019,61.735653,37.577580
5/22/2019,61.920860,37.777611
5/23/2019,62.106622,37.720429
5/24/2019,62.292942,37.968907
5/25/2019,62.479821,38.067253
5/26/2019,62.667260,38.277190
5/27/2019,62.855262,38.342860
5/28/2019,63.043828,38.290783
5/29/2019,63.232959,38.250568
5/30/2019,63.422658,38.324744
5/31/2019,63.612926,38.348733
6/1/2019,63.803765,38.331120
6/2/2019,63.986854,37.127576
6/3/2019,64.178815,39.012054
6/4/2019,64.371351,38.749993
6/5/2019,64.564465,38.217538
6/6/2019,64.758159,37.450893
6/7/2019,64.952433,37.218621
6/8/2019,65.147290,37.437329
6/9/2019,65.342732,37.437732
6/10/2019,65.538760,37.331426
6/11/2019,65.735377,37.618394
6/12/2019,65.932583,37.985921
6/13/2019,66.130381,38.464013
6/14/2019,66.328772,38.287840
6/15/2019,66.527758,37.813589
6/16/2019,66.727341,37.304482
6/17/2019,66.927523,37.502689
6/18/2019,67.128306,37.489899
6/19/2019,67.329691,37.164777
6/20/2019,67.531680,36.803049
6/21/2019,67.734275,36.918476
6/22/2019,67.937478,37.315064
6/23/2019,68.141290,37.358731
6/24/2019,68.345714,36.899663
6/25/2019,68.550751,36.877590
6/26/2019,68.756403,37.427185
6/27/2019,68.962673,38.239440
6/28/2019,69.169561,38.264764
6/29/2019,69.377069,38.517684
6/30/2019,69.585201,38.866021
7/1/2019,69.793956,39.868898
7/2/2019,70.003338,40.451750
7/3/2019,70.213348,40.721109
7/4/2019,70.423988,40.189432
7/5/2019,70.635260,40.472337
7/6/2019,70.847166,40.517857
7/7/2019,71.059707,41.127963
7/8/2019,71.272887,41.480800
7/9/2019,71.486705,41.857505
7/10/2019,71.701165,41.965113
7/11/2019,71.916269,42.528929
7/12/2019,72.132018,43.186587
7/13/2019,72.348414,43.067014
7/14/2019,72.565459,42.420098
7/15/2019,72.783155,41.811442
7/16/2019,73.001505,41.533466
7/17/2019,73.121461,41.342948
7/18/2019,73.121461,41.409071
7/19/2019,73.121461,41.008893
7/20/2019,73.121461,40.840009
7/21/2019,73.121461,40.256916
7/22/2019,73.121461,39.747084
7/23/2019,73.121461,39.602002
7/24/2019,73.121461,39.679409
7/25/2019,73.121461,39.367159
7/26/2019,73.121461,39.220637
7/27/2019,73.121461,39.098617
7/28/2019,73.121461,39.857878
7/29/2019,73.121461,40.469068
7/30/2019,73.121461,40.921197
7/31/2019,73.121461,41.179391
8/1/2019,73.121461,41.671213
8/2/2019,73.121461,41.686710
8/3/2019,73.121461,42.468450
8/4/2019,73.121461,42.603770
8/5/2019,73.121461,43.031288
8/6/2019,73.121461,42.827553
8/7/2019,73.121461,43.917555
8/8/2019,73.121461,44.603564
8/9/2019,73.121461,45.421384
8/10/2019,73.121461,45.149489
8/11/2019,73.121461,45.126308
8/12/2019,73.121461,44.761210
8/13/2019,73.121461,45.040500
8/14/2019,73.121461,44.165731
8/15/2019,73.121461,43.647987
8/16/2019,73.121461,43.179551
8/17/2019,73.121461,43.480346
8/18/2019,73.121461,43.724107
8/19/2019,73.121461,43.871032
8/20/2019,73.121461,43.643338
8/21/2019,73.121461,43.300151
8/22/2019,73.121461,43.306213
8/23/2019,73.121461,43.476831
8/24/2019,73.121461,43.284773
8/25/2019,73.121461,43.021264
8/26/2019,73.121461,43.213987
8/27/2019,73.121461,43.577349
8/28/2019,73.121461,44.015226
8/29/2019,73.121461,43.863472
8/30/2019,73.121461,43.696796
8/31/2019,73.121461,44.012806
9/1/2019,73.121461,44.618847
9/2/2019,73.121461,44.848800
9/3/2019,73.121461,45.444270
9/4/2019,73.121461,45.996067
9/5/2019,73.121461,46.822639
9/6/2019,73.121461,47.366638
9/7/2019,73.121461,47.944647
9/8/2019,73.121461,48.282717
9/9/2019,73.121461,48.801209
9/10/2019,73.121461,48.781629
9/11/2019,73.121461,49.048535
9/12/2019,73.121461,49.628329
9/13/2019,73.121461,50.580910
9/14/2019,73.121461,51.059692
9/15/2019,73.121461,51.319892
9/16/2019,73.121461,52.211166
9/17/2019,73.121461,52.572381
9/18/2019,73.121461,53.114055
9/19/2019,73.121461,53.185342
9/20/2019,73.121461,53.578298
9/21/2019,73.121461,53.744383
9/22/2019,73.121461,54.398702
9/23/2019,73.121461,54.228167
9/24/2019,73.121461,54.641582
9/25/2019,73.121461,54.356951
9/26/2019,73.121461,53.927227
9/27/2019,73.121461,53.292881
9/28/2019,73.121461,53.326433
9/29/2019,73.121461,53.941122
9/30/2019,73.121461,49.476827
10/1/2019,73.121461,49.263531
10/2/2019,73.121461,47.535562
10/3/2019,73.121461,47.560914
10/4/2019,73.121461,47.791847
10/5/2019,73.121461,47.370654
10/6/2019,73.121461,46.722666
10/7/2019,73.121461,46.358172
10/8/2019,73.121461,46.922462
10/9/2019,73.121461,49.417218
10/10/2019,73.121461,50.413500
10/11/2019,73.121461,50.708252
10/12/2019,73.121461,51.242389
10/13/2019,73.121461,51.779386
10/14/2019,73.121461,52.101473
10/15/2019,73.121461,52.253779
10/16/2019,73.121461,51.394357
10/17/2019,73.121461,50.856345
10/18/2019,73.121461,50.424162
10/19/2019,73.121461,50.399389
10/20/2019,73.121461,50.139279
10/21/2019,73.121461,50.164052
10/22/2019,73.121461,49.998903
10/23/2019,73.121461,50.618212
10/24/2019,73.121461,51.102080
10/25/2019,73.121461,51.807191
10/26/2019,73.121461,53.075902
10/27/2019,73.121461,53.583672
10/28/2019,73.121461,53.372654
10/29/2019,73.121461,52.900479
10/30/2019,73.121461,52.479150
10/31/2019,73.121461,51.643513
11/1/2019,73.121461,51.078581
11/2/2019,73.121461,49.853112
11/3/2019,73.121461,48.914455
11/4/2019,73.121461,48.662409
11/5/2019,73.121461,48.453818
11/6/2019,73.121461,48.523348
11/7/2019,73.121461,48.688910
11/8/2019,73.121461,48.720228
11/9/2019,73.121461,48.462176
11/10/2019,73.121461,48.093197
11/11/2019,73.121461,47.392315
11/12/2019,73.121461,47.408764
11/13/2019,73.121461,47.475651
11/14/2019,73.121461,48.163706
11/15/2019,73.121461,47.978324
11/16/2019,73.121461,48.104539
11/17/2019,73.121461,48.698049
11/18/2019,73.121461,49.859402
11/19/2019,73.121461,50.226788
11/20/2019,73.121461,50.214334
11/21/2019,73.121461,49.469565
11/22/2019,73.121461,49.541743
11/23/2019,73.121461,49.390780
11/24/2019,73.121461,48.835228
11/25/2019,73.121461,48.217953
11/26/2019,73.121461,48.079433
11/27/2019,73.121461,48.091843
11/28/2019,73.121461,47.302682
11/29/2019,73.121461,46.417053
11/30/2019,73.121461,45.882217
12/1/2019,73.121461,46.147082
12/2/2019,73.121461,46.095577
12/3/2019,73.121461,45.595372
12/4/2019,73.121461,45.104655
12/5/2019,73.121461,45.761528
12/6/2019,73.121461,46.672671
12/7/2019,73.121461,47.000823
12/8/2019,73.121461,47.114746
12/9/2019,73.121461,47.127440
12/10/2019,73.121461,47.552878
12/11/2019,73.121461,48.060902
12/12/2019,73.121461,48.219655
12/13/2019,73.121461,47.801172
12/14/2019,73.121461,47.471396
12/15/2019,73.121461,47.035338
12/16/2019,73.121461,46.983394
12/17/2019,73.121461,46.694704
12/18/2019,73.121461,46.155132
12/19/2019,73.121461,44.033268
12/20/2019,73.121461,44.475298
12/21/2019,73.121461,48.193599
12/22/2019,73.121461,48.817758
12/23/2019,73.121461,54.485785
12/24/2019,73.121461,53.934870
12/25/2019,73.121461,54.265687
12/26/2019,73.121461,52.150963
12/27/2019,73.121461,50.858996
12/28/2019,73.121461,50.575592
12/29/2019,73.121461,45.165166
12/30/2019,73.121461,41.313220
12/31/2019,73.121461,41.910508
1/1/2020,73.121461,42.108128
1/2/2020,73.121461,45.416849
1/3/2020,73.121461,46.968248
1/4/2020,73.121461,48.046663
1/5/2020,73.121461,49.162739
1/6/2020,73.121461,49.938858
1/7/2020,73.121461,51.095049
1/8/2020,73.121461,51.531681
1/9/2020,73.121461,51.954201
1/10/2020,73.121461,52.276941
1/11/2020,73.121461,52.078850
1/12/2020,73.121461,51.739806
1/13/2020,73.121461,51.409647
1/14/2020,73.121461,51.104015
1/15/2020,73.121461,50.936329
1/16/2020,73.121461,50.845039
1/17/2020,73.121461,51.073342
1/18/2020,73.154096,51.092327
1/19/2020,73.165954,51.555570
1/20/2020,73.165954,51.916538
1/21/2020,73.165954,51.924570
1/22/2020,73.165954,51.735226
1/23/2020,73.165954,51.856314
1/24/2020,73.165954,51.968769
1/25/2020,73.165954,52.435965
1/26/2020,73.165954,52.357576
1/27/2020,73.189278,52.559342
1/28/2020,73.238659,52.612533
1/29/2020,73.458375,52.834157
1/30/2020,73.678750,52.889485
1/31/2020,73.899787,52.620503
2/1/2020,74.121486,52.718428
2/2/2020,74.343850,52.809808
2/3/2020,74.528184,53.056707
2/4/2020,74.528184,52.885395
2/5/2020,74.695873,52.897439
2/6/2020,74.919960,52.632848
2/7/2020,75.144720,52.869239
2/8/2020,75.370154,52.673190
2/9/2020,75.596265,52.105772
2/10/2020,75.823054,51.126411
2/11/2020,76.050523,50.596622
2/12/2020,76.278674,50.495896
2/13/2020,76.507510,50.645135
2/14/2020,76.737033,50.036754
2/15/2020,76.967244,49.219949
2/16/2020,77.198146,49.337443
2/17/2020,77.429740,49.436710
2/18/2020,77.597245,49.836831
2/19/2020,77.640811,49.528162
2/20/2020,77.649364,49.707407
2/21/2020,77.689548,50.145263
2/22/2020,77.715521,50.473458
2/23/2020,77.761544,50.301115
2/24/2020,77.782181,50.461853
2/25/2020,77.782181,50.489286
2/26/2020,77.782181,50.612738
2/27/2020,77.782181,50.264626
2/28/2020,77.782181,49.860271
2/29/2020,77.782181,49.844506
3/1/2020,77.782181,49.926950
3/2/2020,77.782181,50.066151
3/3/2020,77.782181,50.417804
3/4/2020,77.782181,50.949380
3/5/2020,77.782181,51.533666
3/6/2020,77.782181,52.366086
3/7/2020,77.782181,53.149200
3/8/2020,77.782181,53.625469
3/9/2020,77.782181,53.920495
3/10/2020,77.782181,53.817329
3/11/2020,77.782181,53.648611
3/12/2020,76.837520,53.649487
3/13/2020,73.338306,52.920949
3/14/2020,72.543828,51.729761
3/15/2020,71.596025,50.714297
3/16/2020,67.277026,49.898759
3/17/2020,67.478857,49.077063
3/18/2020,67.681294,47.980606
3/19/2020,67.884338,46.202545
3/19/2020,67.884338,46.202545
3/20/2020,68.087991,44.311893
3/21/2020,68.292255,41.559965
3/22/2020,68.497131,38.394283
3/23/2020,68.702623,35.617922
3/24/2020,68.908731,35.124955
3/25/2020,69.115457,35.155104
3/26/2020,69.322803,35.419905
3/27/2020,69.530772,35.677626
3/28/2020,69.730673,37.042696
3/29/2020,69.939865,38.903915
3/30/2020,70.149684,41.244352
3/31/2020,70.360133,41.563062
4/1/2020,70.571214,41.699341
4/2/2020,70.782927,41.746950
4/3/2020,70.995276,42.249267
4/4/2020,71.208262,43.301652
4/5/2020,71.421887,44.153296
4/6/2020,71.636152,43.805891
4/7/2020,71.851061,43.861375
4/8/2020,72.066614,44.194223
4/9/2020,72.282814,44.409130
4/10/2020,72.499662,44.138961
4/11/2020,72.717161,44.346511
4/12/2020,72.935313,44.690599
4/13/2020,73.154119,45.669524
4/14/2020,73.373581,46.504048
4/15/2020,73.593702,47.105126
4/16/2020,73.814483,48.059115
4/17/2020,74.035926,48.941355
4/18/2020,74.258034,49.635963
4/19/2020,74.480808,49.409547
4/20/2020,74.704251,48.877744
4/21/2020,74.928363,47.973636
4/22/2020,75.153148,47.744116
4/23/2020,75.378608,47.178404
4/24/2020,75.604744,47.205524
4/25/2020,75.831558,46.633471
4/26/2020,76.059053,46.591436
4/27/2020,76.287230,46.437543
4/28/2020,76.516091,46.681327
4/29/2020,76.745640,46.386199
4/30/2020,76.975877,46.520417
5/1/2020,77.206804,46.155891
5/2/2020,77.438425,45.885643
5/3/2020,77.670740,45.724840
5/4/2020,77.782181,45.967818
5/5/2020,77.782181,46.800486
5/6/2020,77.782181,47.110055
5/7/2020,77.782181,47.627179
5/8/2020,77.782181,48.535590
5/9/2020,77.782181,49.205777
5/10/2020,77.782181,49.999423
5/11/2020,69.600568,49.565838
5/12/2020,57.588703,49.209374
5/13/2020,57.761469,49.679004
5/14/2020,57.934753,49.843374
5/15/2020,58.108557,48.841497
5/16/2020,58.282883,47.495225
5/17/2020,58.457732,46.023719
5/18/2020,58.633105,45.741941
5/19/2020,58.809004,44.622656
5/20/2020,58.985431,43.071661
5/21/2020,58.660709,41.851676
5/22/2020,58.711413,40.266669
5/23/2020,58.856023,39.894081
5/24/2020,57.919362,39.614169
5/25/2020,56.649063,39.083009
5/26/2020,56.581494,38.281509
5/27/2020,56.704408,37.838604
5/28/2020,56.874521,36.999872
5/29/2020,57.045144,37.169090
5/30/2020,57.216280,37.382452
5/31/2020,57.387929,37.742959
6/1/2020,57.560092,38.655265
6/2/2020,57.732773,40.023723
6/3/2020,57.905971,41.083174
6/4/2020,58.079689,41.760046
6/5/2020,58.253928,42.205264
6/6/2020,58.428690,42.291863
6/7/2020,58.603976,42.774810
6/8/2020,58.779788,43.523776
6/9/2020,58.956127,44.338484
6/10/2020,59.132996,44.848232
6/11/2020,59.310395,45.354196
6/12/2020,59.488326,46.058077
6/13/2020,59.666791,46.845623
6/14/2020,59.815593,47.045846
6/15/2020,59.256468,46.885667
6/16/2020,59.434238,46.518591
6/17/2020,59.612540,46.283748
6/18/2020,59.779848,46.211205
6/19/2020,59.780516,46.358218
6/20/2020,59.728882,46.240714
6/21/2020,59.876849,45.725358
6/22/2020,60.056480,45.215841
6/23/2020,60.236649,44.769692
6/24/2020,60.064250,44.970965
6/25/2020,59.731010,45.070696
6/26/2020,59.369798,45.231800
6/27/2020,59.024777,45.339202
6/28/2020,59.143027,46.190751
6/29/2020,59.320456,46.689405
6/30/2020,59.498418,47.149702
7/1/2020,59.676913,47.066172
7/2/2020,59.855944,46.966219
7/3/2020,60.035511,47.081062
7/4/2020,60.215618,47.686880
7/5/2020,60.345155,48.185293
7/6/2020,60.526190,48.921518
7/7/2020,60.707769,49.565685
7/8/2020,60.889892,50.216669
7/9/2020,61.072562,50.937776
7/10/2020,61.255779,51.213945
7/11/2020,61.439547,51.444085
7/12/2020,61.622420,51.528470
7/13/2020,61.798750,51.352029
7/14/2020,61.898143,51.119417
7/14/2020,61.898143,51.119417
7/15/2020,61.134904,50.996467
7/16/2020,60.486912,48.828279
7/17/2020,60.538856,46.270613
7/18/2020,60.618721,43.783507
7/19/2020,60.446394,43.342706
7/20/2020,60.410543,42.598686
7/21/2020,60.561809,41.679775
7/22/2020,60.743494,41.081218
7/23/2020,60.925725,42.742002
7/24/2020,61.108502,44.765292
7/25/2020,61.291828,46.712709
7/26/2020,61.475703,47.024633
7/27/2020,61.660130,48.120582
7/28/2020,61.845110,49.211341
7/29/2020,62.030646,49.600617
7/30/2020,62.216738,50.054429
7/31/2020,62.403388,50.725688
8/1/2020,62.590598,51.046552
8/2/2020,62.778370,51.061500
8/3/2020,62.966705,50.402550
8/4/2020,63.155605,49.775776
8/5/2020,63.345072,49.661142
8/6/2020,63.535107,49.718459
8/7/2020,63.725713,49.472814
8/8/2020,63.916890,49.612013
8/9/2020,64.108640,49.620201
8/10/2020,64.300966,50.045985
8/11/2020,64.493869,50.469423
8/12/2020,64.687351,50.626150
8/13/2020,64.881413,50.850380
8/14/2020,65.076057,50.868931
8/15/2020,65.271285,51.249759
8/16/2020,65.467099,51.580873
8/17/2020,65.663500,52.184485
8/18/2020,65.860491,52.814813
8/19/2020,66.058072,53.259604
8/20/2020,66.256247,52.650076
8/21/2020,66.455015,51.752257
8/22/2020,66.654380,50.961517
8/23/2020,66.854343,50.763832
8/24/2020,67.054906,50.253146
8/25/2020,67.256071,49.702014
8/26/2020,67.457839,49.513452
8/27/2020,67.660213,50.212166
8/28/2020,67.863194,51.244441
8/29/2020,68.066783,51.265276
8/30/2020,68.134850,51.775385
8/31/2020,68.339254,53.736354
9/1/2020,68.544272,54.733431
9/2/2020,68.749905,54.852899
9/3/2020,68.822084,51.849131
9/4/2020,68.915564,51.209123
9/5/2020,68.203425,51.448059
9/6/2020,68.256191,49.886441
9/7/2020,67.992553,48.495492
9/8/2020,67.543468,47.487627
9/9/2020,67.723652,47.279139
9/10/2020,67.926823,50.714511
9/11/2020,68.130603,52.006755
9/12/2020,68.334995,52.569863
9/13/2020,68.540000,52.945752
9/14/2020,68.745620,53.544642
9/15/2020,68.951857,54.494099
9/16/2020,69.158712,55.986280
9/17/2020,69.366189,56.357217
9/18/2020,69.574287,56.466812
9/19/2020,69.783010,56.584838
9/20/2020,69.983636,57.424078
9/21/2020,69.965092,58.017465
9/22/2020,69.992615,58.280204
9/23/2020,69.354934,57.746115
9/24/2020,69.218846,57.341587
9/25/2020,69.426502,57.050300
9/26/2020,69.634782,56.969412
9/27/2020,69.843686,56.604784
9/28/2020,70.053217,57.017821
9/29/2020,70.263377,57.158629
9/30/2020,70.474167,57.290050
10/1/2020,70.657213,57.581053
10/2/2020,70.260214,57.759409
10/3/2020,70.470994,57.750022
10/4/2020,70.682407,57.315966
10/5/2020,70.894455,56.895971
10/6/2020,71.107138,56.475848
10/7/2020,71.320459,56.506182
10/8/2020,71.534421,56.189608
10/9/2020,71.749024,56.248336
10/10/2020,71.964271,56.898257
10/11/2020,72.180164,57.334694
10/12/2020,72.396704,57.503519
10/13/2020,72.613894,57.212766
10/14/2020,72.831736,57.006424
10/15/2020,73.050231,57.428486
10/16/2020,73.269382,57.953718
10/17/2020,73.489190,58.206955
10/18/2020,73.709658,58.574177
10/19/2020,73.930787,58.698979
10/20/2020,74.152579,59.463737
10/21/2020,74.375037,59.197060
10/22/2020,74.598162,58.556441
10/23/2020,74.821956,57.596930
10/24/2020,75.046422,57.024820
10/25/2020,75.271562,56.185462
10/26/2020,75.497376,56.020239
10/27/2020,75.723868,55.242720
10/28/2020,75.951040,54.980308
10/29/2020,76.178893,53.716839
10/30/2020,76.407430,51.986860
10/31/2020,76.636652,49.858402
11/1/2020,76.866562,48.473790
11/2/2020,77.097162,48.449607
11/3/2020,77.328453,48.449607
11/4/2020,77.560439,48.449607
11/5/2020,77.782181,48.449607
11/6/2020,77.782181,48.449607
11/7/2020,77.782181,48.449607
11/8/2020,77.782181,48.449607
11/9/2020,77.782181,48.449607
11/10/2020,77.782181,48.449607
11/11/2020,77.782181,48.449607
11/12/2020,77.782181,48.449607
11/13/2020,77.782181,48.449607
11/14/2020,77.782181,48.449607
11/15/2020,77.782181,48.449607
11/16/2020,77.782181,48.449607
11/17/2020,77.782181,48.449607
11/18/2020,77.782181,48.449607
11/19/2020,77.782181,48.449607
11/20/2020,77.782181,48.449607
11/21/2020,77.782181,48.449607
11/22/2020,77.782181,48.449607
11/23/2020,77.782181,48.449607
11/24/2020,77.782181,48.449607
11/25/2020,77.782181,48.449607
11/26/2020,77.782181,48.449607
11/27/2020,77.782181,48.449607
11/28/2020,77.782181,48.449607
11/29/2020,77.782181,48.449607
11/30/2020,77.782181,48.449607
12/1/2020,77.782181,48.449607
12/2/2020,77.782181,48.449607
12/3/2020,77.782181,48.449607
12/4/2020,77.782181,48.449607
12/5/2020,77.782181,48.449607
12/6/2020,77.782181,48.449607
12/7/2020,77.782181,48.449607
12/8/2020,77.782181,48.449607
12/9/2020,77.782181,48.449607
12/10/2020,77.782181,48.449607
12/11/2020,77.782181,48.449607
12/12/2020,77.782181,48.449607
12/13/2020,77.782181,48.449607
12/14/2020,77.782181,48.449607
12/15/2020,77.782181,48.449607
12/16/2020,77.782181,48.449607
12/17/2020,77.782181,48.449607
12/18/2020,77.782181,48.449607
12/19/2020,77.782181,48.449607
12/20/2020,77.782181,48.449607
12/21/2020,77.782181,48.449607
12/22/2020,77.782181,48.449607
12/23/2020,77.782181,48.449607
12/24/2020,77.782181,48.449607
12/25/2020,77.782181,48.449607
12/26/2020,77.782181,48.449607
12/27/2020,77.782181,48.449607
12/28/2020,77.782181,48.449607
12/29/2020,77.782181,48.449607
12/30/2020,77.782181,48.229857
12/31/2020,77.782181,47.481306
1/1/2021,77.782181,48.160013
1/2/2021,77.782181,50.219982
1/3/2021,77.782181,51.477616
1/4/2021,77.782181,52.240197
1/5/2021,77.782181,52.597373
1/6/2021,77.782181,52.831018
1/7/2021,77.782181,53.232335
1/8/2021,77.782181,53.515697
1/9/2021,77.782181,53.688996
1/10/2021,77.782181,53.232694
1/11/2021,77.782181,53.298658
1/12/2021,77.782181,53.797318
1/13/2021,77.782181,54.385723
1/14/2021,77.782181,54.729308
1/15/2021,77.782181,54.706602
1/16/2021,77.782181,54.594633
1/17/2021,77.782181,54.692941
1/18/2021,77.782181,54.915858
1/19/2021,77.782181,54.493804
1/20/2021,77.782181,53.989849
1/21/2021,77.782181,53.296820
1/22/2021,77.782181,52.846053
1/23/2021,77.782181,52.155920
1/24/2021,77.782181,51.755305
1/25/2021,77.782181,51.431101
1/26/2021,77.782181,51.557869
1/27/2021,77.782181,51.537124
1/28/2021,77.782181,51.908366
1/29/2021,77.782181,52.024241
1/30/2021,77.782181,52.526458
1/31/2021,77.782181,52.670029
2/1/2021,77.782181,52.615474
2/2/2021,77.782181,52.422612
2/3/2021,77.782181,51.956718
2/4/2021,77.782181,51.065857
2/5/2021,77.782181,50.678402
2/6/2021,77.782181,50.658971
2/7/2021,77.782181,50.661147
2/8/2021,77.782181,51.519270
2/9/2021,77.782181,52.535747
2/10/2021,77.782181,53.858385
2/11/2021,77.782181,55.107352
2/12/2021,77.782181,55.755938
2/13/2021,77.782181,55.411720
2/14/2021,77.782181,55.064579
2/15/2021,77.782181,54.016618
2/16/2021,77.782181,53.323065
2/17/2021,77.782181,52.760009
2/18/2021,77.782181,51.966719
2/19/2021,77.782181,50.977019
2/20/2021,77.782181,50.753130
2/21/2021,77.782181,51.022628
2/22/2021,77.782181,51.360753
2/23/2021,77.782181,51.217508
2/24/2021,77.782181,50.866677
2/25/2021,77.782181,50.489873
2/26/2021,77.782181,50.643611
2/27/2021,77.782181,50.955837
2/28/2021,77.782181,51.223021
3/1/2021,77.782181,51.436190
3/2/2021,77.782181,51.234720
3/3/2021,77.782181,50.975966
3/4/2021,77.782181,50.928938
3/5/2021,77.782181,51.036990
3/6/2021,77.782181,50.919706
3/7/2021,78.037497,50.400805
3/8/2021,78.532257,49.755405
3/9/2021,79.060389,49.641034
3/10/2021,79.625484,49.930069
3/11/2021,80.212170,50.399683
3/12/2021,80.791293,50.793875
3/13/2021,81.406196,50.546382
3/14/2021,82.025838,50.458798
3/15/2021,82.683233,50.157152
3/16/2021,83.226846,50.269011
3/17/2021,83.796525,50.186609
3/18/2021,84.381154,50.287174
3/19/2021,84.961788,49.907330
3/20/2021,85.560250,49.962963
3/21/2021,86.118632,50.029728
3/22/2021,86.649721,50.565503
3/23/2021,87.168155,50.795114
3/24/2021,87.800035,51.207327
3/25/2021,88.290344,51.508369
3/26/2021,88.807999,52.109940
3/27/2021,89.333947,52.614908
3/28/2021,89.860753,52.771012
3/29/2021,90.401391,52.641332
3/30/2021,90.956177,52.439123
3/31/2021,91.516988,52.220521
4/1/2021,92.182426,51.935998
4/2/2021,92.747147,51.472799
4/3/2021,93.293048,51.330572
4/4/2021,93.834496,51.688701
4/5/2021,94.377684,51.823777
4/6/2021,94.916813,51.683213
4/7/2021,95.453202,51.503080
4/8/2021,95.878321,51.538782
4/9/2021,96.553398,51.965503
4/10/2021,97.258617,52.084856
4/11/2021,97.854860,51.841269
4/12/2021,98.440500,51.831758
4/13/2021,99.036263,52.152700
4/14/2021,99.633772,52.500876
4/15/2021,100.242470,52.427066
4/16/2021,100.850301,51.951260
4/17/2021,101.478656,51.817577
4/18/2021,102.151877,51.624434
4/19/2021,102.719577,50.989962
4/20/2021,103.228501,49.465372
4/21/2021,103.775995,46.973734
4/22/2021,104.367661,45.046163
4/23/2021,104.875698,43.334253
4/24/2021,105.415103,41.968878
4/25/2021,105.920559,41.196780
4/26/2021,106.413066,41.344535
4/27/2021,106.987147,42.651559
4/28/2021,107.479648,44.281616
4/29/2021,107.966059,45.694322
4/30/2021,108.487001,47.100949
5/1/2021,109.066381,47.882241
5/2/2021,109.688914,48.149192
5/3/2021,110.293963,47.687469
5/4/2021,110.860284,47.123951
5/5/2021,111.665339,47.330839
5/6/2021,112.262666,48.219621
5/7/2021,112.859763,49.068326
5/8/2021,113.469668,49.709714
5/9/2021,114.070542,50.567965
5/10/2021,114.674852,51.817739
5/11/2021,115.257593,53.312262
5/12/2021,115.845507,53.985432
5/13/2021,116.359926,54.009747
5/14/2021,117.112254,53.972719
5/15/2021,117.608337,54.296621
5/16/2021,118.084931,55.290169
5/17/2021,118.515073,55.529104
5/18/2021,118.937401,54.551003
5/19/2021,119.300751,53.525423
5/20/2021,119.682807,52.201385
5/21/2021,120.086271,50.281260
5/22/2021,120.727946,48.256819
5/23/2021,121.125962,44.401912
5/24/2021,121.506297,42.669433
5/25/2021,121.856194,43.662980
5/26/2021,122.223450,44.876016
5/27/2021,122.589186,33.132500
5/28/2021,122.919343,56.076515
5/29/2021,123.232637,67.040934
5/30/2021,123.553366,71.081113
5/31/2021,124.122396,71.104778
6/1/2021,124.442457,70.165226
6/2/2021,124.773329,69.549254
6/3/2021,125.120697,67.469428
6/4/2021,125.452362,58.823841
6/5/2021,125.774660,48.191619
6/6/2021,126.089950,44.323728
6/7/2021,126.394010,44.128701
6/8/2021,126.662192,44.803456
6/9/2021,127.222018,45.205424
