Timestamp,market-cap
1/3/2009 18:15,0
1/14/2009 11:35,0
1/18/2009 8:41,0
1/22/2009 13:30,0
1/25/2009 13:21,0
1/29/2009 13:17,0
2/2/2009 4:03,0
2/5/2009 16:26,0
2/9/2009 3:30,0
2/12/2009 15:28,0
2/16/2009 3:40,0
2/19/2009 20:53,0
2/23/2009 16:51,0
2/27/2009 18:40,0
3/4/2009 1:27,0
3/8/2009 3:38,0
3/12/2009 6:13,0
3/16/2009 2:41,0
3/19/2009 21:40,0
3/24/2009 6:09,0
3/28/2009 5:39,0
4/1/2009 5:55,0
4/5/2009 8:54,0
4/9/2009 13:26,0
4/13/2009 11:52,0
4/17/2009 6:29,0
4/21/2009 0:20,0
4/25/2009 4:29,0
4/29/2009 4:27,0
5/2/2009 18:00,0
5/6/2009 11:49,0
5/10/2009 23:39,0
5/14/2009 15:06,0
5/18/2009 6:28,0
5/23/2009 22:43,0
5/28/2009 4:19,0
6/1/2009 16:51,0
6/9/2009 10:22,0
6/14/2009 22:53,0
6/20/2009 11:35,0
6/26/2009 10:15,0
7/2/2009 11:54,0
7/8/2009 1:04,0
7/13/2009 21:38,0
7/22/2009 0:42,0
8/2/2009 6:32,0
8/9/2009 5:48,0
8/16/2009 3:40,0
8/30/2009 10:56,0
9/5/2009 19:02,0
9/12/2009 15:32,0
9/19/2009 3:49,0
9/25/2009 21:44,0
10/1/2009 9:58,0
10/9/2009 2:16,0
10/15/2009 23:49,0
10/21/2009 14:48,0
10/27/2009 15:14,0
11/5/2009 7:57,0
11/12/2009 0:46,0
11/17/2009 7:43,0
11/22/2009 16:22,0
11/27/2009 20:19,0
12/3/2009 17:26,0
12/9/2009 0:51,0
12/13/2009 5:05,0
12/17/2009 1:55,0
12/19/2009 7:52,0
12/21/2009 18:06,0
12/24/2009 15:12,0
12/27/2009 11:11,0
12/30/2009 7:27,0
1/3/2010 4:46,0
1/5/2010 13:07,0
1/8/2010 7:06,0
1/10/2010 23:17,0
1/13/2010 18:50,0
1/17/2010 0:21,0
1/20/2010 12:57,0
1/23/2010 7:32,0
1/25/2010 21:42,0
1/28/2010 9:28,0
1/30/2010 18:19,0
2/2/2010 6:46,0
2/4/2010 7:39,0
2/6/2010 7:50,0
2/8/2010 11:42,0
2/10/2010 21:52,0
2/13/2010 7:31,0
2/15/2010 12:01,0
2/17/2010 18:02,0
2/19/2010 22:04,0
2/22/2010 0:12,0
2/23/2010 19:06,0
2/26/2010 10:08,0
3/1/2010 3:06,0
3/3/2010 15:06,0
3/6/2010 3:56,0
3/9/2010 0:28,0
3/12/2010 1:12,0
3/15/2010 9:56,0
3/18/2010 18:33,0
3/21/2010 10:40,0
3/23/2010 20:16,0
3/26/2010 8:16,0
3/28/2010 16:29,0
3/31/2010 2:40,0
4/2/2010 18:23,0
4/5/2010 11:17,0
4/8/2010 2:38,0
4/10/2010 8:37,0
4/12/2010 7:42,0
4/14/2010 17:18,0
4/16/2010 21:38,0
4/18/2010 20:50,0
4/21/2010 0:08,0
4/23/2010 12:29,0
4/26/2010 7:58,0
4/28/2010 22:10,0
5/1/2010 19:46,0
5/4/2010 20:05,0
5/8/2010 1:05,0
5/11/2010 7:43,0
5/15/2010 0:01,0
5/18/2010 15:42,0
5/21/2010 6:10,0
5/23/2010 15:04,0
5/25/2010 20:02,0
5/28/2010 2:56,0
5/30/2010 13:10,0
6/2/2010 18:13,0
6/5/2010 22:03,0
6/8/2010 21:39,0
6/11/2010 17:04,0
6/14/2010 18:03,0
6/17/2010 12:22,0
6/20/2010 10:58,0
6/23/2010 7:16,0
6/26/2010 0:39,0
6/28/2010 20:21,0
7/1/2010 10:20,0
7/3/2010 18:50,0
7/6/2010 9:02,0
7/9/2010 5:24,0
7/11/2010 15:39,0
7/12/2010 18:17,0
7/13/2010 8:17,0
7/14/2010 4:35,0
7/15/2010 0:19,0
7/15/2010 18:40,0
7/16/2010 12:38,0
7/18/2010 14:06,0
7/21/2010 4:18,0
7/23/2010 13:00,0
7/25/2010 20:29,0
7/28/2010 1:41,0
7/30/2010 15:34,0
8/1/2010 20:16,0
8/3/2010 16:44,0
8/5/2010 15:24,0
8/8/2010 7:47,0
8/10/2010 16:32,0
8/12/2010 18:08,0
8/14/2010 15:49,0
8/16/2010 22:40,0
8/20/2010 6:33,263305
8/22/2010 13:56,264870
8/24/2010 17:30,266438
8/26/2010 19:30,268013
8/29/2010 10:34,231093
9/1/2010 4:35,232440
9/4/2010 0:14,233796
9/6/2010 15:17,235140
9/9/2010 14:15,236502
9/12/2010 7:06,237852
9/14/2010 18:24,239193
9/17/2010 1:06,240543
9/19/2010 1:09,241887
9/21/2010 6:34,243237
9/23/2010 16:15,244578
9/25/2010 16:28,245922
9/27/2010 17:23,247263
9/30/2010 4:48,248634
10/3/2010 15:23,249978
10/6/2010 18:14,251328
10/9/2010 13:47,421120
10/12/2010 5:30,508032
10/14/2010 20:00,425615
10/16/2010 21:07,513450
10/18/2010 13:15,430155
10/20/2010 9:58,432415
10/22/2010 16:28,478148
10/25/2010 4:21,786555
10/27/2010 3:37,834528
10/29/2010 6:17,838822
10/31/2010 4:43,843135
11/2/2010 17:50,891990
11/5/2010 1:53,1075812
11/7/2010 2:18,1531751
11/8/2010 21:04,2127996
11/10/2010 22:35,1456016
11/13/2010 6:54,1188876
11/15/2010 5:20,1378665
11/17/2010 9:10,1293124
11/19/2010 6:29,1345905
11/22/2010 12:17,1352459
11/25/2010 10:45,1312136
11/27/2010 18:38,1365567
11/30/2010 2:55,1324820
12/2/2010 11:54,1093466
12/4/2010 17:26,1241968
12/6/2010 15:17,1103920
12/8/2010 14:59,1109129
12/10/2010 19:33,1114293
12/13/2010 13:33,1119514
12/16/2010 5:08,1222675
12/18/2010 22:29,1228288
12/21/2010 11:49,1332707
12/24/2010 9:30,1239713
12/27/2010 7:25,1344924
12/29/2010 23:54,1451146
1/1/2011 15:48,1507935
1/4/2011 9:21,1514700
1/7/2011 10:00,1521435
1/10/2011 2:39,1630048
1/12/2011 20:32,1688478
1/15/2011 7:56,2261204
1/17/2011 23:22,2064660
1/20/2011 17:55,1814540
1/23/2011 8:08,2239032
1/26/2011 0:12,2248664
1/28/2011 15:48,2258339
1/31/2011 13:35,2531688
2/3/2011 7:13,4343540
2/5/2011 19:14,4734355
2/8/2011 3:40,4807755
2/10/2011 16:15,5203517
2/13/2011 0:05,5871558
2/15/2011 5:56,5841936
2/17/2011 4:12,5703285
2/19/2011 10:04,5672368
2/21/2011 18:48,5148098
2/23/2011 18:20,4894288
2/25/2011 19:49,5300736
2/27/2011 9:37,5433071
3/2/2011 7:11,5399311
3/4/2011 16:00,5253425
3/6/2011 9:18,5162258
3/8/2011 7:53,5126531
3/11/2011 10:31,5033929
3/15/2011 2:29,5110740
3/18/2011 13:42,4959783
3/21/2011 23:15,4521526
3/25/2011 3:39,5171400
3/28/2011 3:35,5134010
3/30/2011 21:28,4632760
4/2/2011 8:40,4651080
4/4/2011 22:47,4669720
4/7/2011 16:05,4394775
4/10/2011 11:17,4529179
4/13/2011 3:27,5432232
4/15/2011 22:15,5808509
4/18/2011 15:04,6604001
4/21/2011 14:07,7166220
4/24/2011 5:44,9890348
4/26/2011 16:24,10288386
4/29/2011 5:05,16063474
5/1/2011 12:59,25093989
5/3/2011 19:42,21232113
5/6/2011 0:49,21493648
5/8/2011 2:18,22982063
5/10/2011 2:51,26080876
5/12/2011 14:05,37288544
5/14/2011 15:17,53037332
5/16/2011 15:00,53104282
5/18/2011 7:52,51610176
5/20/2011 7:18,45595004
5/22/2011 7:12,41547155
5/23/2011 23:56,42956799
5/25/2011 11:48,46021281
5/26/2011 23:01,50503568
5/29/2011 15:22,55335434
6/1/2011 11:25,60584325
6/3/2011 18:07,73571481
6/5/2011 20:43,114606738
6/8/2011 1:09,143125137
6/10/2011 5:34,209786346
6/12/2011 2:06,187464960
6/14/2011 0:34,154537656
6/15/2011 17:39,135994463
6/18/2011 1:30,124093838
6/20/2011 3:07,122139161
6/21/2011 23:42,111960265
6/23/2011 19:56,101511916
6/26/2011 5:24,117183885
6/29/2011 0:08,116840234
7/1/2011 12:52,116626752
7/4/2011 3:06,105973485
7/7/2011 1:27,111053022
7/10/2011 0:50,102744626
7/13/2011 2:16,98731644
7/15/2011 19:14,96531300
7/18/2011 14:39,95137160
7/21/2011 11:45,96271835
7/24/2011 10:08,95964467
7/27/2011 2:00,99110193
7/29/2011 18:21,96727905
8/1/2011 11:35,101424312
8/4/2011 12:11,88704361
8/8/2011 1:05,67077244
8/11/2011 4:10,74810925
8/14/2011 17:58,72871667
8/18/2011 0:07,80531287
8/21/2011 6:48,83349213
8/24/2011 3:07,81629123
8/27/2011 10:39,71464393
8/30/2011 20:12,67320450
9/2/2011 22:44,60780870
9/6/2011 1:40,59602717
9/9/2011 10:43,52273985
9/12/2011 18:14,53092692
9/15/2011 23:21,43076288
9/19/2011 6:03,37518145
9/22/2011 11:49,45248415
9/25/2011 21:10,41276652
9/29/2011 4:31,36467393
10/2/2011 17:03,38944246
10/6/2011 3:44,37063750
10/9/2011 19:07,33758986
10/13/2011 23:21,31774062
10/17/2011 11:27,28953018
10/21/2011 3:41,18685334
10/25/2011 4:47,23784372
10/29/2011 2:47,25591449
11/1/2011 18:05,25592177
11/4/2011 22:52,24908976
11/8/2011 5:05,23385111
11/11/2011 11:55,22923750
11/14/2011 20:33,23606814
11/17/2011 20:54,19986070
11/21/2011 10:12,18889378
11/25/2011 0:56,19177964
11/28/2011 17:34,19466807
12/1/2011 19:45,23340300
12/5/2011 3:10,23257857
12/8/2011 8:14,24192383
12/11/2011 8:47,24499020
12/14/2011 14:33,25908092
12/18/2011 4:13,25510863
12/21/2011 8:12,34933154
12/24/2011 14:33,31382750
12/27/2011 12:50,33871863
12/30/2011 22:00,34531272
1/2/2012 23:39,42249854
1/6/2012 1:57,53067960
1/8/2012 18:26,56932193
1/11/2012 23:09,56213685
1/15/2012 4:54,55247147
1/18/2012 9:15,56715587
1/21/2012 12:22,53610215
1/24/2012 17:44,52950157
1/28/2012 0:28,46782750
1/30/2012 22:58,47081606
2/3/2012 0:11,51093498
2/6/2012 1:39,49002504
2/9/2012 8:27,48474336
2/12/2012 9:49,49606868
2/15/2012 16:43,45320681
2/18/2012 17:57,39335945
2/21/2012 22:57,37765800
2/24/2012 20:06,41992098
2/27/2012 22:02,42366039
3/1/2012 17:16,41636484
3/5/2012 7:17,41834008
3/8/2012 11:21,42970703
3/11/2012 12:25,42238350
3/14/2012 14:21,46378669
3/17/2012 20:56,46334160
3/20/2012 22:38,45002320
3/24/2012 3:35,41502123
3/27/2012 3:54,41014983
3/30/2012 9:03,42083693
4/2/2012 14:36,43243473
4/6/2012 6:45,43185533
4/9/2012 15:54,41990400
4/13/2012 2:23,43596592
4/16/2012 17:29,43800843
4/20/2012 0:13,45768015
4/23/2012 7:16,46871080
4/26/2012 20:19,45756816
4/29/2012 23:30,45258499
5/2/2012 20:00,44932104
5/5/2012 17:34,46031730
5/8/2012 11:13,45706455
5/11/2012 16:01,45826560
5/15/2012 1:36,45496208
5/18/2012 17:03,46334417
5/21/2012 23:24,46632220
5/25/2012 18:12,47295078
5/28/2012 21:59,46869893
6/1/2012 10:23,47539166
6/4/2012 11:01,48212859
6/7/2012 16:32,50261738
6/10/2012 15:19,52229304
6/13/2012 17:47,53102304
6/16/2012 20:11,57954237
6/19/2012 17:56,60052752
6/23/2012 4:56,62807498
6/26/2012 6:30,60077235
6/29/2012 10:53,62282126
7/2/2012 15:30,62810968
7/5/2012 20:44,61937370
7/8/2012 20:29,63786918
7/12/2012 0:20,68568459
7/15/2012 2:51,72622848
7/18/2012 5:54,89778441
7/21/2012 10:47,88857725
7/24/2012 15:27,87080436
7/27/2012 15:43,85111439
7/30/2012 13:58,85715940
8/2/2012 23:35,92176800
8/6/2012 2:30,107904097
8/9/2012 3:47,109520690
8/12/2012 1:02,112597212
8/15/2012 2:20,119281095
8/18/2012 7:45,149423298
8/21/2012 1:54,101846745
8/24/2012 0:34,100140963
8/27/2012 3:38,107636610
8/30/2012 7:09,109375862
9/2/2012 12:11,101974516
9/5/2012 11:22,104489942
9/8/2012 10:35,111479459
9/11/2012 14:55,110463683
9/15/2012 1:08,116908512
9/18/2012 5:11,119497736
9/21/2012 10:41,126488592
9/24/2012 13:52,122998936
9/27/2012 21:19,123698344
10/1/2012 3:59,125629920
10/4/2012 18:42,130685573
10/8/2012 8:50,127271231
10/11/2012 15:51,123320032
10/15/2012 1:27,122089457
10/18/2012 9:15,122086383
10/21/2012 13:26,120949744
10/24/2012 18:45,122468008
10/28/2012 1:21,110665863
10/31/2012 6:31,112373898
11/3/2012 19:31,114091089
11/7/2012 6:31,113445158
11/10/2012 11:07,114442296
11/13/2012 20:59,116060210
11/17/2012 8:17,122895230
11/20/2012 19:45,123295219
11/23/2012 23:42,128918944
11/27/2012 4:53,132364239
11/30/2012 6:59,132487596
12/3/2012 15:57,133379652
12/7/2012 14:13,144172470
12/11/2012 3:55,143072581
12/14/2012 20:59,145875628
12/18/2012 17:33,142336143
12/22/2012 11:07,144184614
12/26/2012 0:35,142335312
12/29/2012 0:00,144722760
1/1/2013 0:56,144140497
1/3/2013 22:54,142598907
1/7/2013 4:03,143926390
1/10/2013 7:17,148981259
1/13/2013 22:41,152873721
1/17/2013 10:59,158590750
1/21/2013 0:38,172547811
1/24/2013 10:06,192201729
1/27/2013 16:14,189628940
1/30/2013 18:18,212026765
2/2/2013 11:58,228035875
2/5/2013 7:51,225491897
2/8/2013 10:01,238214390
2/11/2013 9:58,258069410
2/14/2013 11:38,261905400
2/17/2013 2:51,295524405
2/19/2013 18:31,291413678
2/22/2013 9:35,321674850
2/25/2013 3:12,323317361
2/27/2013 14:28,338072280
3/2/2013 10:52,374222363
3/5/2013 7:21,395254860
3/8/2013 6:27,469040500
3/10/2013 22:42,510665275
3/13/2013 22:07,482768896
3/16/2013 13:45,511412843
3/18/2013 21:29,517192973
3/21/2013 6:35,720431944
3/23/2013 8:01,768448944
3/25/2013 21:16,787644290
3/28/2013 19:05,973374540
3/31/2013 10:47,1014981688
4/2/2013 22:03,1142364600
4/5/2013 17:43,1462424775
4/8/2013 10:23,1797430853
4/11/2013 1:12,1761605804
4/13/2013 18:50,1352219765
4/16/2013 11:24,751883588
4/19/2013 10:15,1226805300
4/22/2013 6:54,1316565425
4/25/2013 1:36,1717388620
4/27/2013 19:10,1518809400
4/30/2013 11:29,1604025423
5/3/2013 15:09,1147536458
5/6/2013 11:50,1289703399
5/9/2013 4:03,1261749858
5/11/2013 20:09,1305918580
5/14/2013 11:58,1316069309
5/17/2013 13:35,1310923744
5/20/2013 14:17,1363436484
5/23/2013 11:29,1376111700
5/26/2013 4:35,1478179108
5/28/2013 22:43,1454677724
5/31/2013 12:50,1446265584
6/2/2013 19:41,1452465690
6/4/2013 23:58,1372196843
6/7/2013 15:14,1339138217
6/10/2013 4:57,1129008510
6/12/2013 17:34,1229416450
6/15/2013 5:02,1128806694
6/17/2013 20:22,1129029840
6/20/2013 23:59,1218162304
6/23/2013 15:40,1226966235
6/26/2013 10:04,1177619123
6/29/2013 4:44,1073943859
7/1/2013 23:19,1104546050
7/4/2013 16:13,888044307
7/7/2013 3:48,799704222
7/9/2013 13:07,871353045
7/11/2013 23:22,1002323700
7/14/2013 19:48,1118601400
7/17/2013 12:37,1108864185
7/20/2013 4:36,1052227000
7/22/2013 15:21,1039074936
7/25/2013 16:40,1083077512
7/28/2013 7:02,1079688168
7/30/2013 21:15,1165272007
8/2/2013 7:43,1202517973
8/4/2013 21:50,1207515344
8/7/2013 6:22,1227235536
8/9/2013 14:21,1187519882
8/11/2013 18:36,1188573650
8/14/2013 1:57,1263112785
8/16/2013 20:42,1134084328
8/19/2013 6:50,1149310613
8/21/2013 16:32,1215110838
8/23/2013 22:14,1272326069
8/26/2013 16:33,1315030704
8/29/2013 6:34,1370218608
8/31/2013 13:28,1452051492
9/2/2013 12:29,1521338542
9/5/2013 0:13,1424931523
9/7/2013 16:40,1371985336
9/10/2013 5:49,1407306014
9/12/2013 12:40,1479034319
9/14/2013 17:45,1487518929
9/17/2013 6:59,1477962905
9/19/2013 22:13,1490186446
9/22/2013 6:37,1448228793
9/24/2013 10:55,1440607039
9/26/2013 23:18,1450856990
9/29/2013 14:38,1489242933
10/2/2013 6:41,1502497724
10/4/2013 18:30,1386458921
10/7/2013 1:20,1445868898
10/9/2013 21:04,1466558478
10/12/2013 7:52,1506893996
10/14/2013 10:24,1570118020
10/16/2013 7:13,1671228020
10/18/2013 21:28,1707531432
10/21/2013 1:31,2210067981
10/23/2013 4:03,2255406450
10/25/2013 6:17,2323992391
10/27/2013 14:16,2138469820
10/30/2013 5:49,2574919800
11/1/2013 15:20,2428781758
11/3/2013 19:53,2446878569
11/6/2013 12:00,3019915522
11/9/2013 15:00,3997019750
11/12/2013 5:11,4116052649
11/14/2013 19:17,4712295975
11/17/2013 9:05,5248005893
11/20/2013 6:25,6571753725
11/23/2013 2:48,9560511000
11/25/2013 22:10,9720442750
11/28/2013 17:17,11627791625
12/1/2013 8:55,13499174840
12/3/2013 23:08,12604127137
12/6/2013 14:18,12507949125
12/9/2013 1:08,9515559195
12/11/2013 15:19,11851486743
12/14/2013 9:41,10726686750
12/16/2013 22:20,10470320595
12/19/2013 6:04,6339585600
12/21/2013 18:06,7462464615
12/24/2013 14:32,8030873818
12/27/2013 7:41,9098366625
12/30/2013 3:41,8877764795
1/1/2014 17:25,8933071800
1/4/2014 18:50,9862531252
1/7/2014 8:24,11196347660
1/9/2014 20:40,10076409865
1/12/2014 5:30,10964667375
1/14/2014 21:10,10092160950
1/17/2014 11:35,10030005531
1/20/2014 7:37,10333922820
1/22/2014 21:32,10143350635
1/25/2014 16:08,9602416710
1/28/2014 17:23,9212249042
1/31/2014 13:14,9867660000
2/3/2014 1:18,10054208093
2/5/2014 19:34,9923812139
2/8/2014 17:36,8783373958
2/11/2014 17:00,8527631751
2/14/2014 12:27,7560858500
2/17/2014 1:44,7740541548
2/19/2014 22:22,7819130046
2/22/2014 20:57,7204184638
2/25/2014 16:21,6753191322
2/28/2014 10:42,7262893511
3/3/2014 17:02,6995137050
3/6/2014 21:19,8371207910
3/9/2014 21:11,7776046839
3/12/2014 20:45,7905327045
3/15/2014 20:48,7891897010
3/19/2014 0:57,7712643641
3/21/2014 20:47,7345210080
3/24/2014 11:54,7025346436
3/27/2014 11:14,7270342138
3/30/2014 5:43,6164089750
4/2/2014 4:45,6031568000
4/4/2014 14:42,5655801496
4/7/2014 17:21,5778460050
4/10/2014 23:27,5581233404
4/13/2014 17:12,5351915428
4/16/2014 14:02,6618042000
4/19/2014 16:21,6106646315
4/22/2014 14:44,6318897723
4/25/2014 18:19,6373086940
4/28/2014 16:54,5574591990
5/1/2014 22:05,5748397706
5/5/2014 4:36,5559467181
5/8/2014 6:08,5617472520
5/11/2014 2:10,5828520875
5/14/2014 4:48,5605882766
5/17/2014 2:45,5738990096
5/20/2014 1:39,5730713424
5/22/2014 21:35,6324557244
5/25/2014 23:04,6765522989
5/29/2014 1:59,7452893700
6/1/2014 3:13,8043868438
6/3/2014 17:49,8507610250
6/6/2014 18:41,8508865295
6/9/2014 23:33,8460504811
6/13/2014 0:24,7408465603
6/15/2014 19:12,7382326158
6/18/2014 11:30,7850526400
6/21/2014 8:54,7670358075
6/24/2014 0:38,7609954950
6/26/2014 14:57,7261000860
6/29/2014 5:44,7646813000
7/2/2014 16:05,8292766513
7/5/2014 21:11,8130405828
7/9/2014 2:04,8122438229
7/12/2014 5:22,8247579200
7/15/2014 11:15,8088666698
7/18/2014 10:36,8156035755
7/21/2014 9:15,8179215000
7/24/2014 15:14,8100938999
7/27/2014 18:22,7787787305
7/31/2014 1:49,7369491193
8/3/2014 5:17,7720106200
8/6/2014 14:07,7627124113
8/9/2014 13:27,7726269089
8/12/2014 6:31,7536923503
8/15/2014 6:11,6630484837
8/18/2014 3:49,6553227082
8/20/2014 20:25,6451830000
8/23/2014 19:37,6796278510
8/26/2014 22:28,6615983666
8/29/2014 18:44,6688860487
9/1/2014 16:08,6328530429
9/4/2014 18:47,6276555513
9/7/2014 21:46,6349807569
9/11/2014 4:53,6331141859
9/14/2014 0:13,6326057648
9/17/2014 1:33,6152399610
9/19/2014 17:03,5655107255
9/22/2014 15:06,5335625949
9/25/2014 17:48,5640547168
9/29/2014 2:32,5000063619
10/2/2014 7:47,5121845470
10/5/2014 12:26,4383678110
10/8/2014 16:02,4463242036
10/11/2014 22:07,4826153295
10/15/2014 5:27,5387392063
10/18/2014 9:16,5132725432
10/21/2014 19:09,5114796874
10/24/2014 19:39,4793775810
10/27/2014 23:34,4772451778
10/31/2014 2:06,4642273628
11/2/2014 21:36,4366606560
11/6/2014 0:55,4560728100
11/9/2014 5:37,4676803241
11/12/2014 10:42,4984005838
11/15/2014 15:04,5389391863
11/18/2014 20:02,5255762763
11/22/2014 4:46,4737840506
11/25/2014 11:20,5071429256
11/28/2014 21:13,5013389476
12/2/2014 2:27,5118862541
12/5/2014 13:29,5005417568
12/8/2014 21:04,5108753868
12/12/2014 4:44,4745547063
12/15/2014 14:38,4869988965
12/19/2014 7:29,4253910174
12/22/2014 18:54,4363248000
12/25/2014 18:11,4417269052
12/28/2014 18:22,4317425897
12/31/2014 22:05,4251727650
1/3/2015 19:26,4330806330
1/6/2015 21:02,3756381169
1/10/2015 3:47,3986212643
1/13/2015 11:34,3663294109
1/16/2015 20:13,2886435552
1/20/2015 4:19,2968652431
1/23/2015 17:52,3211941726
1/27/2015 11:14,3778057228
1/30/2015 14:48,3251788807
2/2/2015 18:27,3130440066
2/5/2015 22:39,3129414156
2/9/2015 2:23,3093788889
2/12/2015 6:18,3036562920
2/15/2015 12:52,3563626188
2/18/2015 14:36,3397591509
2/21/2015 15:11,3407315730
2/24/2015 23:02,3314761390
2/28/2015 3:21,3501089387
3/3/2015 8:51,3834379201
3/6/2015 16:43,3799274177
3/9/2015 23:53,3828873125
3/13/2015 6:52,4109475735
3/16/2015 14:31,3999795602
3/20/2015 0:41,3648658058
3/23/2015 7:41,3740554519
3/26/2015 5:05,3454684914
3/29/2015 5:12,3539896944
4/1/2015 12:24,3412202600
4/4/2015 16:25,3564720183
4/8/2015 1:41,3562166220
4/11/2015 13:13,3313853000
4/14/2015 18:55,3134071035
4/18/2015 9:09,3131476128
4/21/2015 12:33,3157369581
4/24/2015 23:56,3324710421
4/28/2015 4:37,3201005582
5/1/2015 13:00,3330114827
5/4/2015 23:26,3382370068
5/8/2015 0:54,3352529334
5/11/2015 12:15,3382958169
5/14/2015 15:34,3341364696
5/17/2015 17:55,3353538107
5/21/2015 3:44,3320598682
5/24/2015 13:52,3375133968
5/27/2015 21:40,3348394140
5/31/2015 5:54,3303114353
6/3/2015 10:02,3204605703
6/6/2015 16:48,3201172395
6/9/2015 16:41,3245156704
6/12/2015 21:52,3267410689
6/16/2015 4:43,3369726000
6/19/2015 10:12,3547691259
6/22/2015 20:23,3483246011
6/26/2015 0:09,3465114964
6/29/2015 9:03,3560951678
7/2/2015 14:57,3695901417
7/5/2015 16:52,3735540253
7/8/2015 17:58,3817604567
7/11/2015 22:22,4095069684
7/15/2015 6:08,4141542052
7/18/2015 8:14,4022653323
7/21/2015 13:36,4019871451
7/24/2015 16:26,3988303335
7/27/2015 23:54,4225926997
7/31/2015 7:58,4166234786
8/3/2015 10:41,4080181204
8/6/2015 18:10,4065248075
8/9/2015 22:42,3796617825
8/13/2015 0:16,3876623400
8/16/2015 6:26,3791284003
8/19/2015 13:35,3223704540
8/22/2015 15:45,3391634879
8/25/2015 21:20,3066846822
8/29/2015 0:31,3368500240
9/1/2015 4:31,3352808400
9/4/2015 5:09,3311659416
9/7/2015 11:25,3503377050
9/10/2015 13:43,3478441270
9/13/2015 17:29,3429141229
9/16/2015 16:36,3356001047
9/20/2015 4:48,3369115856
9/23/2015 12:25,3374310804
9/26/2015 14:28,3444189375
9/29/2015 18:08,3496912014
10/2/2015 22:55,3488942124
10/6/2015 1:58,3540933279
10/9/2015 12:36,3587170200
10/12/2015 18:41,3631533359
10/15/2015 20:48,3760629264
10/19/2015 2:58,3931166764
10/22/2015 9:06,4019960578
10/25/2015 14:17,4385340824
10/28/2015 18:42,4460043043
10/31/2015 17:33,4791839789
11/3/2015 19:53,5745789226
11/6/2015 23:54,5537077219
11/10/2015 4:04,5594946375
11/13/2015 3:04,5018149622
11/16/2015 3:07,4726464920
11/19/2015 5:01,4966305103
11/22/2015 2:24,4868798519
11/24/2015 23:17,4769034274
11/27/2015 22:59,5375529164
11/30/2015 22:34,5746016061
12/3/2015 22:41,5392604128
12/6/2015 20:51,5966778431
12/9/2015 16:05,6237747403
12/12/2015 5:39,6598621020
12/14/2015 23:27,6681549105
12/17/2015 15:43,6863198436
12/20/2015 12:45,6867728072
12/23/2015 12:33,6625658805
12/26/2015 13:41,6357093186
12/29/2015 5:03,6341569780
1/1/2016 6:00,6517159760
1/4/2016 8:56,6512390605
1/7/2016 8:50,6810621073
1/10/2016 4:37,6728586936
1/12/2016 20:19,6716178987
1/16/2016 5:11,5661147248
1/19/2016 1:42,5766228518
1/22/2016 5:42,5968216922
1/24/2016 21:05,6093994725
1/27/2016 16:52,5963925153
1/30/2016 12:01,5712950304
2/2/2016 3:24,5639491785
2/4/2016 18:17,5870164552
2/7/2016 5:15,5709599658
2/9/2016 22:46,5695256203
2/12/2016 12:20,5785653062
2/15/2016 9:40,6190920052
2/18/2016 8:58,6419720094
2/21/2016 11:00,6806073560
2/24/2016 23:56,6464752231
2/28/2016 2:10,6458812794
3/2/2016 8:33,6611288376
3/5/2016 9:01,6205552660
3/8/2016 12:10,6274930492
3/11/2016 6:21,6454556493
3/14/2016 10:09,6350935881
3/17/2016 8:20,6396532398
3/20/2016 12:54,6288020689
3/23/2016 16:17,6393797545
3/26/2016 17:49,6383288021
3/29/2016 14:48,6364732081
4/1/2016 19:23,6397089085
4/4/2016 19:53,6465262346
4/7/2016 20:11,6493876393
4/10/2016 16:02,6490283350
4/13/2016 12:58,6544552801
4/16/2016 13:06,6646292061
4/19/2016 14:45,6633974673
4/22/2016 14:56,6906562710
4/25/2016 21:00,7268248718
4/29/2016 3:46,6914501548
5/2/2016 2:16,6993744457
5/4/2016 23:33,6930663696
5/7/2016 20:01,7138199500
5/10/2016 13:37,7019848059
5/13/2016 16:16,7099876185
5/16/2016 21:48,7058237830
5/20/2016 2:14,6841284221
5/22/2016 23:43,6802154835
5/25/2016 20:47,6965738676
5/29/2016 3:48,8194780017
6/1/2016 11:34,8394851648
6/4/2016 16:50,8900899257
6/7/2016 15:00,9128139000
6/10/2016 13:35,9035127856
6/13/2016 11:41,10931651273
6/16/2016 13:02,11610074279
6/19/2016 8:58,11867935955
6/22/2016 9:08,10593855978
6/25/2016 12:47,10710032198
6/28/2016 13:12,10137976374
7/1/2016 13:34,10652576032
7/4/2016 14:49,10643748497
7/7/2016 18:46,9760795493
7/10/2016 20:30,10226518223
7/14/2016 1:52,10295328841
7/17/2016 4:51,10469793128
7/20/2016 6:33,10625219580
7/23/2016 16:21,10310343920
7/27/2016 4:11,10237777519
7/30/2016 12:22,10347698419
8/2/2016 13:11,9574424344
8/5/2016 9:39,8942608644
8/8/2016 4:55,9279995754
8/11/2016 8:09,9384201747
8/14/2016 5:11,9206558134
8/17/2016 6:08,9069333683
8/20/2016 8:46,9091555856
8/23/2016 5:01,9276200919
8/26/2016 9:33,9139138856
8/29/2016 10:23,9094942434
9/1/2016 14:10,9028441811
9/4/2016 15:39,9626146530
9/7/2016 16:15,9685831507
9/10/2016 19:23,9886644494
9/13/2016 14:10,9617363925
9/16/2016 10:48,9631243161
9/19/2016 11:44,9645583474
9/22/2016 9:45,9440546866
9/25/2016 7:29,9534954294
9/28/2016 1:37,9596024718
10/1/2016 3:00,9734987758
10/4/2016 3:43,9695218830
10/6/2016 22:21,9709310340
10/9/2016 18:23,9769388460
10/13/2016 0:39,10075431445
10/16/2016 9:45,10162638956
10/19/2016 13:19,10049905996
10/22/2016 16:03,10426855963
10/25/2016 19:26,10439183713
10/28/2016 20:33,10939078208
10/31/2016 17:40,11239901568
11/3/2016 20:15,11143884100
11/7/2016 0:11,11325578003
11/9/2016 22:50,11522031432
11/12/2016 16:44,11266846960
11/15/2016 12:42,11359081892
11/18/2016 5:56,11851446354
11/21/2016 11:56,11685189925
11/24/2016 15:27,11720045149
11/27/2016 13:22,11759217601
11/30/2016 12:33,11902828851
12/3/2016 11:34,12210216586
12/6/2016 11:10,12132486313
12/9/2016 5:40,12301556020
12/12/2016 3:48,12336689205
12/15/2016 0:38,12490194810
12/18/2016 8:32,12663075225
12/21/2016 11:02,12961844352
12/24/2016 9:43,14497441728
12/27/2016 9:38,14660612813
12/30/2016 7:22,15238440173
1/2/2017 4:31,16238457422
1/4/2017 23:40,18559645701
1/8/2017 1:02,14398749868
1/10/2017 23:19,14597700163
1/13/2017 17:16,13160070956
1/16/2017 10:27,13307859110
1/19/2017 8:35,14427103051
1/21/2017 18:54,14800275536
1/24/2017 15:51,14491326567
1/27/2017 12:51,14757139957
1/30/2017 9:21,14727266726
2/2/2017 1:51,15952232380
2/5/2017 2:35,16708719991
2/8/2017 5:12,17225873233
2/11/2017 3:07,15951716587
2/14/2017 2:24,15965890178
2/17/2017 3:03,16733987843
2/20/2017 5:10,16937746237
2/23/2017 10:31,18203211052
2/26/2017 3:56,18446536329
3/1/2017 0:38,19243301815
3/3/2017 23:36,20897198809
3/7/2017 4:24,20662217265
3/10/2017 5:07,19434840294
3/13/2017 2:03,19861370808
3/16/2017 5:31,20140949552
3/19/2017 2:00,16173755927
3/22/2017 3:51,17762990694
3/24/2017 21:59,15430994732
3/28/2017 0:29,16856852924
3/30/2017 22:53,16719575675
4/3/2017 2:22,18252410619
4/6/2017 2:30,18566050725
4/9/2017 2:34,19296242306
4/11/2017 23:36,19952040990
4/15/2017 5:48,19346991860
4/18/2017 9:21,19726521439
4/21/2017 12:03,20387318476
4/24/2017 12:02,20297408539
4/27/2017 16:16,21784166483
4/30/2017 13:55,21811198369
5/3/2017 14:09,24025455338
5/6/2017 12:37,25666481874
5/9/2017 5:38,27607571273
5/12/2017 7:11,29239413404
5/15/2017 2:17,29070212316
5/18/2017 1:27,29568725625
5/20/2017 22:25,33370159800
5/23/2017 20:37,36660987598
5/26/2017 17:02,38899267639
5/29/2017 13:34,36606002846
6/1/2017 3:25,38626500255
6/3/2017 19:05,41784393094
6/6/2017 13:45,48141643864
6/9/2017 9:38,46062261131
6/12/2017 11:39,45407892075
6/15/2017 15:18,36402785129
6/18/2017 16:13,42008428423
6/21/2017 19:35,44271810985
6/24/2017 20:24,41446515223
6/28/2017 4:14,41546823890
7/1/2017 7:16,40786910999
7/3/2017 20:25,42119805620
7/6/2017 18:31,42566283971
7/9/2017 19:33,41700768846
7/12/2017 7:06,38104388174
7/15/2017 5:58,34694900149
7/18/2017 5:25,36095441434
7/21/2017 2:04,46406548665
7/23/2017 19:39,45705531656
7/26/2017 17:01,39858112403
7/29/2017 13:42,44137907996
8/1/2017 15:16,44132883724
8/4/2017 14:24,46825387500
8/7/2017 9:09,53737187266
8/10/2017 9:22,56373911330
8/13/2017 15:00,65880110625
8/16/2017 21:53,71724208168
8/19/2017 16:35,66214269128
8/23/2017 12:12,69902678050
8/27/2017 7:38,71869964490
8/30/2017 9:52,75366080185
9/2/2017 1:06,81562242341
9/4/2017 18:31,70029906352
9/7/2017 7:14,74750274486
9/9/2017 21:56,70933187370
9/12/2017 15:48,70583785680
9/15/2017 2:27,56390581704
9/17/2017 16:56,62093273465
9/20/2017 22:21,65725408955
9/23/2017 17:11,62409356008
9/26/2017 23:48,64460904758
9/29/2017 17:55,68868523193
10/2/2017 20:44,72875660000
10/5/2017 23:24,72232509690
10/8/2017 16:48,75588002640
10/11/2017 13:30,79157926530
10/14/2017 13:50,95994793125
10/17/2017 3:47,93824194976
10/19/2017 21:43,94723931390
10/22/2017 13:03,97642666908
10/25/2017 3:03,89787443397
10/28/2017 0:44,97318769340
10/31/2017 9:49,102302000000
11/3/2017 13:23,120882000000
11/6/2017 22:50,117838000000
11/9/2017 22:27,118953000000
11/14/2017 3:37,112004000000
11/17/2017 4:30,132347000000
11/20/2017 3:58,132683000000
11/22/2017 20:11,136489000000
11/25/2017 17:16,144897000000
11/28/2017 13:32,165069000000
12/1/2017 5:54,161139000000
12/3/2017 20:06,196584000000
12/6/2017 6:40,207069000000
12/9/2017 1:49,267496000000
12/11/2017 16:59,278922000000
12/14/2017 7:31,276691000000
12/16/2017 22:18,325322000000
12/19/2017 11:43,305136000000
12/22/2017 16:35,208676000000
12/25/2017 19:23,237007000000
12/28/2017 19:47,235364000000
12/31/2017 16:03,223570000000
1/3/2018 13:02,245316000000
1/6/2018 6:46,279446000000
1/8/2018 23:41,248896000000
1/11/2018 14:57,229773000000
1/14/2018 6:24,231501000000
1/17/2018 3:53,177403000000
1/19/2018 21:12,191021000000
1/22/2018 7:44,194079000000
1/24/2018 21:59,188255000000
1/27/2018 17:05,194696000000
1/30/2018 14:11,175249000000
2/2/2018 15:35,145709000000
2/5/2018 7:03,135683000000
2/8/2018 0:23,129232000000
2/11/2018 6:30,135150000000
2/14/2018 1:50,145464000000
2/16/2018 22:30,171221000000
2/19/2018 20:21,188448000000
2/22/2018 14:57,167098000000
2/25/2018 15:59,158094000000
2/28/2018 12:35,177783000000
3/3/2018 9:45,190861000000
3/6/2018 4:32,191237000000
3/9/2018 0:37,158811000000
3/12/2018 3:03,161917000000
3/15/2018 0:05,138579000000
3/17/2018 23:54,133911000000
3/21/2018 1:57,151200000000
3/24/2018 5:36,151013000000
3/27/2018 6:30,134239000000
3/30/2018 7:06,118650000000
4/2/2018 8:16,119316000000
4/5/2018 5:37,115090000000
4/8/2018 0:52,118208000000
4/10/2018 21:58,116074000000
4/13/2018 16:40,137493000000
4/16/2018 15:52,135705000000
4/19/2018 10:22,139495000000
4/22/2018 8:59,151640000000
4/25/2018 5:06,159084000000
4/28/2018 15:35,157980000000
5/1/2018 12:27,152402000000
5/4/2018 12:21,165902000000
5/7/2018 15:00,158357000000
5/10/2018 13:56,159448000000
5/13/2018 15:31,146318000000
5/16/2018 16:09,141204000000
5/19/2018 17:31,141455000000
5/22/2018 14:44,140539000000
5/25/2018 12:41,127845000000
5/28/2018 5:39,124867000000
5/31/2018 2:35,125276000000
6/2/2018 19:43,130438000000
6/5/2018 9:36,126912000000
6/8/2018 9:21,130515000000
6/11/2018 16:57,115025000000
6/14/2018 16:56,109388000000
6/17/2018 13:15,110946000000
6/20/2018 11:20,113214000000
6/23/2018 7:00,103610000000
6/26/2018 0:15,106947000000
6/29/2018 5:15,99705672169
7/2/2018 5:20,107865000000
7/5/2018 15:33,113074000000
7/8/2018 14:08,115245000000
7/11/2018 16:47,108914000000
7/14/2018 22:42,107509000000
7/18/2018 4:46,127513000000
7/20/2018 21:12,126001000000
7/23/2018 15:10,132102000000
7/26/2018 7:32,142131000000
7/29/2018 2:30,141920000000
8/1/2018 3:28,129465000000
8/4/2018 0:28,127359000000
8/6/2018 21:22,118528000000
8/9/2018 20:45,111850000000
8/12/2018 12:12,109151000000
8/15/2018 12:34,109074000000
8/18/2018 9:20,112002000000
8/21/2018 8:36,110997000000
8/24/2018 7:56,112506000000
8/27/2018 4:17,115007000000
8/30/2018 1:21,121285000000
9/1/2018 23:12,124118000000
9/5/2018 6:52,127073000000
9/8/2018 5:33,110678000000
9/11/2018 5:30,109100000000
9/14/2018 5:53,113259000000
9/17/2018 13:29,111287000000
9/20/2018 12:37,110943000000
9/23/2018 14:04,116224000000
9/26/2018 9:22,111205000000
9/29/2018 11:31,113801000000
10/2/2018 8:14,113561000000
10/5/2018 11:54,113303000000
10/8/2018 21:37,114604000000
10/11/2018 23:40,106857000000
10/15/2018 8:08,111317000000
10/18/2018 12:23,111605000000
10/21/2018 15:30,111563000000
10/24/2018 21:28,111321000000
10/28/2018 3:15,111088000000
10/31/2018 3:55,108808000000
11/3/2018 1:55,110188000000
11/6/2018 5:10,111152000000
11/9/2018 18:05,110207000000
11/13/2018 0:46,110034000000
11/16/2018 15:08,96496411656
11/19/2018 23:28,83880272813
11/23/2018 16:11,74316592350
11/27/2018 5:14,64155387700
12/1/2018 3:47,69048358400
12/4/2018 20:48,67495303219
12/8/2018 8:28,59420156250
12/11/2018 21:03,58228666513
12/15/2018 6:27,55938828981
12/18/2018 11:04,60348907969
12/21/2018 17:45,68545161919
12/24/2018 8:46,73223781806
12/27/2018 5:59,64838337738
12/30/2018 1:30,65077249463
1/1/2019 19:51,64338833081
1/4/2019 19:40,65625625175
1/7/2019 18:55,70214886969
1/10/2019 14:32,65921513813
1/13/2019 19:01,61292962531
1/16/2019 23:41,63026169356
1/20/2019 6:48,64480663663
1/23/2019 8:16,62322978250
1/26/2019 11:41,62771774794
1/29/2019 14:07,59439235625
2/1/2019 14:42,60141187300
2/4/2019 15:50,59652407813
2/7/2019 12:26,58961684925
2/10/2019 9:28,63161445713
2/13/2019 15:40,62638100850
2/16/2019 19:15,63052786956
2/19/2019 14:54,68723119238
2/22/2019 21:23,69078552463
2/26/2019 0:23,66932096650
2/28/2019 23:57,66593384669
3/4/2019 0:51,66720033844
3/7/2019 5:19,67945143300
3/10/2019 9:37,68336132313
3/13/2019 15:40,67522502863
3/16/2019 14:36,70050945800
3/19/2019 10:16,69862174250
3/22/2019 7:06,69849299200
3/25/2019 6:34,69871470400
3/28/2019 10:02,70580750538
3/31/2019 13:19,71995115700
4/3/2019 15:17,88594827075
4/6/2019 16:11,90280431588
4/9/2019 22:14,92055081869
4/12/2019 20:16,89076162038
4/16/2019 4:36,89174965025
4/19/2019 7:07,92451641350
4/22/2019 8:11,93187532438
4/25/2019 13:51,96299589056
4/28/2019 15:24,91355774125
5/1/2019 11:00,93779951681
5/4/2019 4:40,100971000000
5/7/2019 11:33,103895000000
5/10/2019 15:32,110801000000
5/13/2019 16:40,139821000000
5/16/2019 16:02,142093000000
5/19/2019 14:16,140632000000
5/22/2019 10:34,140446000000
5/25/2019 3:53,142289000000
5/28/2019 1:25,155877000000
5/30/2019 18:46,152992000000
6/3/2019 1:27,153448000000
6/6/2019 3:38,139151000000
6/9/2019 5:53,140216000000
6/12/2019 8:18,141538000000
6/15/2019 5:40,154308000000
6/18/2019 11:15,163275000000
6/21/2019 6:38,172452000000
6/24/2019 3:43,188629000000
6/26/2019 21:22,214367000000
6/29/2019 16:21,208306000000
7/2/2019 17:28,187989000000
7/5/2019 6:38,197944000000
7/7/2019 21:09,205111000000
7/10/2019 18:40,218658000000
7/13/2019 21:40,194051000000
7/16/2019 21:02,170757000000
7/20/2019 5:57,189057000000
7/23/2019 4:21,182170000000
7/26/2019 5:35,173344000000
7/28/2019 22:36,163181000000
7/31/2019 19:54,178754000000
8/3/2019 14:09,193005000000
8/6/2019 8:59,218267000000
8/9/2019 8:51,211386000000
8/12/2019 7:25,203016000000
8/15/2019 7:57,174038000000
8/18/2019 13:29,186173000000
8/21/2019 14:05,177717000000
8/24/2019 14:43,178882000000
8/27/2019 17:43,181918000000
8/30/2019 14:48,171330000000
9/2/2019 11:22,175557000000
9/5/2019 9:32,189766000000
9/8/2019 6:43,189342000000
9/10/2019 21:21,180033000000
9/13/2019 15:08,184851000000
9/16/2019 13:07,182182000000
9/19/2019 8:59,177250000000
9/22/2019 6:35,178095000000
9/25/2019 8:20,150256000000
9/28/2019 6:16,146648000000
10/1/2019 11:36,150036000000
10/4/2019 13:09,146092000000
10/7/2019 10:29,143468000000
10/10/2019 10:40,153611000000
10/13/2019 8:16,149935000000
10/16/2019 14:36,143504000000
10/19/2019 13:19,144655000000
10/22/2019 11:42,148869000000
10/25/2019 10:44,135145000000
10/28/2019 19:33,169610000000
11/1/2019 4:26,163498000000
11/4/2019 12:31,166966000000
11/7/2019 20:29,166071000000
11/10/2019 21:50,163290000000
11/14/2019 0:53,158243000000
11/16/2019 20:43,152786000000
11/19/2019 21:49,146252000000
11/23/2019 2:28,131052000000
11/26/2019 9:19,129133000000
11/29/2019 11:57,136682000000
12/2/2019 18:25,131382000000
12/5/2019 15:45,132363000000
12/8/2019 15:54,136574000000
12/11/2019 18:27,130147000000
12/14/2019 19:27,128087000000
12/18/2019 0:25,119399000000
12/21/2019 0:36,129951000000
12/23/2019 17:10,136332000000
12/26/2019 23:15,130403000000
12/29/2019 23:05,133978000000
1/1/2020 18:42,130900000000
1/4/2020 14:28,132301000000
1/7/2020 11:44,144001000000
1/10/2020 7:43,140542000000
1/13/2020 5:16,147123000000
1/16/2020 7:47,157294000000
1/19/2020 7:36,164728000000
1/22/2020 22:11,157093000000
1/25/2020 17:29,151524000000
1/28/2020 22:10,164538000000
1/31/2020 20:55,169246000000
2/3/2020 21:12,169452000000
2/7/2020 1:15,178497000000
2/10/2020 4:25,183532000000
2/13/2020 11:41,185274000000
2/16/2020 14:41,181122000000
2/19/2020 16:03,184877000000
2/22/2020 17:48,176155000000
2/25/2020 22:07,171172000000
2/28/2020 22:25,158568000000
3/2/2020 19:46,161938000000
3/5/2020 13:37,165830000000
3/8/2020 10:19,159727000000
3/11/2020 15:27,142798000000
3/15/2020 2:16,94433405075
3/18/2020 22:32,97331700456
3/22/2020 19:28,108888000000
3/26/2020 12:32,120534000000
3/29/2020 14:19,111855000000
4/1/2020 12:12,115164000000
4/4/2020 13:56,123455000000
4/7/2020 9:08,134717000000
4/10/2020 7:56,126882000000
4/13/2020 3:45,122478000000
4/15/2020 19:55,123578000000
4/18/2020 19:53,132296000000
4/21/2020 17:33,125827000000
4/24/2020 22:16,137880000000
4/28/2020 4:31,140821000000
5/1/2020 7:38,160201000000
5/4/2020 4:31,159406000000
5/7/2020 1:34,169400000000
5/10/2020 5:26,158364000000
5/13/2020 5:06,164136000000
5/16/2020 19:34,171402000000
5/20/2020 18:02,175068000000
5/24/2020 11:10,170425000000
5/28/2020 0:17,169035000000
5/31/2020 5:23,175976000000
6/3/2020 12:02,176959000000
6/6/2020 6:57,176590000000
6/8/2020 21:31,178374000000
6/11/2020 15:14,176690000000
6/14/2020 6:07,173505000000
6/17/2020 8:55,174820000000
6/20/2020 13:41,170787000000
6/23/2020 15:58,178261000000
6/26/2020 17:23,168583000000
6/29/2020 18:01,168655000000
7/2/2020 13:57,170274000000
7/5/2020 10:17,166155000000
7/8/2020 5:56,170823000000
7/11/2020 1:27,171089000000
7/13/2020 23:26,169981000000
7/17/2020 4:18,168007000000
7/20/2020 15:55,169139000000
7/23/2020 23:34,177186000000
7/26/2020 21:07,182607000000
7/29/2020 20:25,207759000000
8/2/2020 1:07,217845000000
8/5/2020 1:39,205921000000
8/8/2020 2:13,214866000000
8/11/2020 5:07,218534000000
8/14/2020 1:51,217746000000
8/16/2020 21:33,219320000000
8/20/2020 5:47,216122000000
8/23/2020 7:06,214502000000
8/26/2020 8:37,209667000000
8/29/2020 11:18,211454000000
9/1/2020 16:28,222628000000
9/4/2020 20:49,195145000000
9/7/2020 19:27,188419000000
9/10/2020 17:41,191322000000
9/13/2020 12:28,191166000000
9/16/2020 6:20,199100000000
9/18/2020 23:19,201876000000
9/21/2020 23:45,193473000000
9/25/2020 5:37,197387000000
9/28/2020 3:46,201672000000
10/1/2020 8:36,201740000000
10/4/2020 11:19,195894000000
10/7/2020 14:21,196100000000
10/10/2020 15:28,210616000000
10/13/2020 15:40,210833000000
10/16/2020 13:57,210059000000
10/19/2020 20:26,216203000000
10/23/2020 4:04,240475000000
10/26/2020 13:50,244532000000
10/30/2020 19:26,250721000000
11/3/2020 17:45,254845000000
11/6/2020 15:42,287617000000
11/9/2020 14:32,283750000000
11/12/2020 14:58,294722000000
11/15/2020 14:50,298300000000
11/18/2020 10:21,335114000000
11/21/2020 6:58,346832000000
11/24/2020 0:16,339711000000
11/27/2020 1:05,322824000000
11/29/2020 23:52,337162000000
12/3/2020 8:08,356674000000
12/6/2020 10:00,353850000000
12/9/2020 13:19,338002000000
12/12/2020 20:38,348851000000
12/15/2020 21:53,361049000000
12/19/2020 1:39,426673000000
12/22/2020 0:40,425418000000
12/25/2020 3:41,436380000000
12/28/2020 7:12,502676000000
12/31/2020 2:49,533698000000
1/2/2021 23:28,592835000000
1/5/2021 17:53,604237000000
1/8/2021 10:41,744242000000
1/11/2021 9:10,659095000000
1/14/2021 7:58,714836000000
1/17/2021 11:49,656066000000
1/20/2021 12:33,645941000000
1/23/2021 19:23,601638000000
1/26/2021 19:06,600565000000
1/29/2021 19:12,655716000000
2/2/2021 3:25,626558000000
2/5/2021 1:03,689726000000
2/7/2021 19:29,715240000000
2/10/2021 18:58,836896000000
2/13/2021 23:10,878042000000
2/17/2021 4:14,924946000000
2/20/2021 6:16,1041450000000
2/23/2021 13:43,908526000000
2/26/2021 13:26,866771000000
3/1/2021 18:39,903849000000
3/4/2021 22:21,898131000000
3/7/2021 22:53,945061000000
3/10/2021 23:00,1063060000000
3/14/2021 2:21,1136850000000
3/17/2021 0:57,1054820000000
3/20/2021 3:11,1092980000000
3/23/2021 0:17,1018380000000
3/25/2021 21:16,973871000000
3/28/2021 20:45,1028490000000
3/31/2021 21:07,1102130000000
4/4/2021 0:36,1066720000000
4/7/2021 0:59,1081170000000
4/10/2021 1:00,1085080000000
4/13/2021 1:39,1125920000000
4/16/2021 3:06,1175320000000
4/20/2021 8:59,1025330000000
4/23/2021 21:41,947870000000
4/27/2021 4:49,999322000000
4/30/2021 11:55,1013520000000
5/3/2021 8:06,1100840000000
5/5/2021 21:57,1062850000000
5/8/2021 12:50,1098600000000
5/11/2021 0:06,1045920000000
5/13/2021 16:22,935597000000
5/17/2021 0:19,861890000000
5/20/2021 21:18,755832000000
5/24/2021 17:18,702740000000
5/28/2021 8:38,688421000000
5/31/2021 20:21,688982000000
6/3/2021 19:13,722267000000
6/7/2021 1:10,679524000000
6/10/2021 9:08,681827000000
6/14/2021 1:09,732821000000
